file_name,year,duration_sec,cane_tip,wether,location,download_link
2025-07-15_13-45-34-116_Roller_Ball_Clear_BMCC_7.mp4,2025,57.6,Roller_Ball,Clear,BMCC,https://storage.googleapis.com/labelbox-sidewalk-testbed-2025/2025-07-15_13-45-34-116_Roller_Ball_Clear_BMCC_7.mp4
2025-07-14_14-22-35-043_Roller_Ball_Clear_BMCC_7.mp4,2025,8.133333333333333,Roller_Ball,Clear,BMCC,https://storage.googleapis.com/labelbox-sidewalk-testbed-2025/2025-07-14_14-22-35-043_Roller_Ball_Clear_BMCC_7.mp4
2025-07-15_14-15-31-424_Roller_Ball_Clear_BMCC_10.mp4,2025,21.0,Roller_Ball,Clear,BMCC,https://storage.googleapis.com/labelbox-sidewalk-testbed-2025/2025-07-15_14-15-31-424_Roller_Ball_Clear_BMCC_10.mp4
2025-07-15_13-51-06-043_Roller_Ball_Clear_BMCC_8.mp4,2025,109.0,Roller_Ball,Clear,BMCC,https://storage.googleapis.com/labelbox-sidewalk-testbed-2025/2025-07-15_13-51-06-043_Roller_Ball_Clear_BMCC_8.mp4
2025-07-14_15-14-25-839_Metal_Clear_BMCC_45.mp4,2025,9.533333333333333,Metal,Clear,BMCC,https://storage.googleapis.com/labelbox-sidewalk-testbed-2025/2025-07-14_15-14-25-839_Metal_Clear_BMCC_45.mp4
2025-07-10_14-00-55-573_Metal_Clear_Unset_38.mp4,2025,423.8666666666667,Metal,Clear,Unset,https://storage.googleapis.com/labelbox-sidewalk-testbed-2025/2025-07-10_14-00-55-573_Metal_Clear_Unset_38.mp4
2025-07-14_14-47-46-065_Metal_Clear_BMCC_45.mp4,2025,72.6,Metal,Clear,BMCC,https://storage.googleapis.com/labelbox-sidewalk-testbed-2025/2025-07-14_14-47-46-065_Metal_Clear_BMCC_45.mp4
2025-07-14_14-52-44-069_Marshmallow_Clear_BMCC_14.mp4,2025,337.0,Marshmallow,Clear,BMCC,https://storage.googleapis.com/labelbox-sidewalk-testbed-2025/2025-07-14_14-52-44-069_Marshmallow_Clear_BMCC_14.mp4
2025-07-14_14-21-34-458_Roller_Ball_Clear_BMCC_6.mp4,2025,34.0,Roller_Ball,Clear,BMCC,https://storage.googleapis.com/labelbox-sidewalk-testbed-2025/2025-07-14_14-21-34-458_Roller_Ball_Clear_BMCC_6.mp4
2025-07-15_13-42-02-624_Roller_Ball_Clear_BMCC_7.mp4,2025,49.733333333333334,Roller_Ball,Clear,BMCC,https://storage.googleapis.com/labelbox-sidewalk-testbed-2025/2025-07-15_13-42-02-624_Roller_Ball_Clear_BMCC_7.mp4
2025-07-16_14-14-53-154_Roller_Ball_Clear_BMCC_11.mp4,2025,33.0,Roller_Ball,Clear,BMCC,https://storage.googleapis.com/labelbox-sidewalk-testbed-2025/2025-07-16_14-14-53-154_Roller_Ball_Clear_BMCC_11.mp4
2025-07-16_14-00-37-411_Roller_Ball_Clear_BMCC_16.mp4,2025,6.933333333333334,Roller_Ball,Clear,BMCC,https://storage.googleapis.com/labelbox-sidewalk-testbed-2025/2025-07-16_14-00-37-411_Roller_Ball_Clear_BMCC_16.mp4
0_2025-01-23_6-59-31.8080_none.mp4,2025,1.2083333333333333,,,,https://storage.googleapis.com/labelbox-sidewalk-testbed-2025/0_2025-01-23_6-59-31.8080_none.mp4
2025-07-16_13-57-07-535_Roller_Ball_Clear_BMCC_16.mp4,2025,5.2,Roller_Ball,Clear,BMCC,https://storage.googleapis.com/labelbox-sidewalk-testbed-2025/2025-07-16_13-57-07-535_Roller_Ball_Clear_BMCC_16.mp4
2025-07-15_13-32-39-232_Ceramic_Clear_BMCC_23.mp4,2025,24.933333333333334,Ceramic,Clear,BMCC,https://storage.googleapis.com/labelbox-sidewalk-testbed-2025/2025-07-15_13-32-39-232_Ceramic_Clear_BMCC_23.mp4
2025-07-16_14-14-34-809_Roller_Ball_Clear_BMCC_11.mp4,2025,10.333333333333334,Roller_Ball,Clear,BMCC,https://storage.googleapis.com/labelbox-sidewalk-testbed-2025/2025-07-16_14-14-34-809_Roller_Ball_Clear_BMCC_11.mp4
2025-07-15_13-44-18-699_Roller_Ball_Clear_BMCC_7.mp4,2025,11.2,Roller_Ball,Clear,BMCC,https://storage.googleapis.com/labelbox-sidewalk-testbed-2025/2025-07-15_13-44-18-699_Roller_Ball_Clear_BMCC_7.mp4
2025-07-10_14-18-35-617_Marshmallow_Clear_BMCC_18.mp4,2025,160.13333333333333,Marshmallow,Clear,BMCC,https://storage.googleapis.com/labelbox-sidewalk-testbed-2025/2025-07-10_14-18-35-617_Marshmallow_Clear_BMCC_18.mp4
2025-07-14_14-53-47-482_Metal_Clear_BMCC_45.mp4,2025,6.533333333333333,Metal,Clear,BMCC,https://storage.googleapis.com/labelbox-sidewalk-testbed-2025/2025-07-14_14-53-47-482_Metal_Clear_BMCC_45.mp4
2025-07-09_14-24-14-973_Ceramic_Clear.mp4,2025,3.7083333333333335,,,,https://storage.googleapis.com/labelbox-sidewalk-testbed-2025/2025-07-09_14-24-14-973_Ceramic_Clear.mp4
2025-07-14_14-46-16-890_Roller_Marshmallow_Clear_BMCC_15.mp4,2025,22.0,Roller_Marshmallow,Clear,BMCC,https://storage.googleapis.com/labelbox-sidewalk-testbed-2025/2025-07-14_14-46-16-890_Roller_Marshmallow_Clear_BMCC_15.mp4
2025-07-15_13-51-24-599_Ceramic_Clear_BMCC_25.mp4,2025,33.6,Ceramic,Clear,BMCC,https://storage.googleapis.com/labelbox-sidewalk-testbed-2025/2025-07-15_13-51-24-599_Ceramic_Clear_BMCC_25.mp4
2025-07-10_13-46-19-574_Roller_Marshmallow_Clear_BMCC_15.mp4,2025,5.333333333333333,Roller_Marshmallow,Clear,BMCC,https://storage.googleapis.com/labelbox-sidewalk-testbed-2025/2025-07-10_13-46-19-574_Roller_Marshmallow_Clear_BMCC_15.mp4
2025-07-14_14-49-10-258_Metal_Clear_BMCC_45.mp4,2025,3.7333333333333334,Metal,Clear,BMCC,https://storage.googleapis.com/labelbox-sidewalk-testbed-2025/2025-07-14_14-49-10-258_Metal_Clear_BMCC_45.mp4
2025-07-10_13-42-24-345_Roller_Ball_Clear_BMCC_36.mp4,2025,259.6666666666667,Roller_Ball,Clear,BMCC,https://storage.googleapis.com/labelbox-sidewalk-testbed-2025/2025-07-10_13-42-24-345_Roller_Ball_Clear_BMCC_36.mp4
0_2025-01-24_11-57-48.6250_none.mp4,2025,32.833333333333336,,,,https://storage.googleapis.com/labelbox-sidewalk-testbed-2025/0_2025-01-24_11-57-48.6250_none.mp4
2025-07-16_13-55-29-947_Roller_Ball_Clear_BMCC_16.mp4,2025,10.533333333333333,Roller_Ball,Clear,BMCC,https://storage.googleapis.com/labelbox-sidewalk-testbed-2025/2025-07-16_13-55-29-947_Roller_Ball_Clear_BMCC_16.mp4
2025-07-10_14-42-31-349_Roller_Marshmallow_Clear_BMCC_15.mp4,2025,7.4,Roller_Marshmallow,Clear,BMCC,https://storage.googleapis.com/labelbox-sidewalk-testbed-2025/2025-07-10_14-42-31-349_Roller_Marshmallow_Clear_BMCC_15.mp4
2025-07-10_13-46-45-554_Metal_Clear_Unset_40.mp4,2025,231.6,Metal,Clear,Unset,https://storage.googleapis.com/labelbox-sidewalk-testbed-2025/2025-07-10_13-46-45-554_Metal_Clear_Unset_40.mp4
2025-07-14_14-56-17-060_Ceramic_Clear_BMCC_22.mp4,2025,80.46666666666667,Ceramic,Clear,BMCC,https://storage.googleapis.com/labelbox-sidewalk-testbed-2025/2025-07-14_14-56-17-060_Ceramic_Clear_BMCC_22.mp4
2025-07-14_14-39-26-929_Roller_Ball_Clear_BMCC_8.mp4,2025,4.333333333333333,Roller_Ball,Clear,BMCC,https://storage.googleapis.com/labelbox-sidewalk-testbed-2025/2025-07-14_14-39-26-929_Roller_Ball_Clear_BMCC_8.mp4
2025-07-15_13-40-59-837_Ceramic_Clear_BMCC_24.mp4,2025,19.4,Ceramic,Clear,BMCC,https://storage.googleapis.com/labelbox-sidewalk-testbed-2025/2025-07-15_13-40-59-837_Ceramic_Clear_BMCC_24.mp4
2025-07-14_14-57-58-673_Ceramic_Clear_BMCC_22.mp4,2025,43.2,Ceramic,Clear,BMCC,https://storage.googleapis.com/labelbox-sidewalk-testbed-2025/2025-07-14_14-57-58-673_Ceramic_Clear_BMCC_22.mp4
2025-07-14_15-04-57-632_Metal_Clear_BMCC_45.mp4,2025,102.33333333333333,Metal,Clear,BMCC,https://storage.googleapis.com/labelbox-sidewalk-testbed-2025/2025-07-14_15-04-57-632_Metal_Clear_BMCC_45.mp4
2025-07-15_14-05-09-037_Roller_Ball_Clear_BMCC_9.mp4,2025,30.0,Roller_Ball,Clear,BMCC,https://storage.googleapis.com/labelbox-sidewalk-testbed-2025/2025-07-15_14-05-09-037_Roller_Ball_Clear_BMCC_9.mp4
2025-07-15_14-03-49-979_Ceramic_Clear_BMCC_22.mp4,2025,0.9333333333333333,Ceramic,Clear,BMCC,https://storage.googleapis.com/labelbox-sidewalk-testbed-2025/2025-07-15_14-03-49-979_Ceramic_Clear_BMCC_22.mp4
2025-07-15_14-48-40-169_Marshmallow_Clear_BMCC_11.mp4,2025,217.73333333333332,Marshmallow,Clear,BMCC,https://storage.googleapis.com/labelbox-sidewalk-testbed-2025/2025-07-15_14-48-40-169_Marshmallow_Clear_BMCC_11.mp4
2025-07-14_15-11-49-942_Metal_Clear_BMCC_45.mp4,2025,141.6,Metal,Clear,BMCC,https://storage.googleapis.com/labelbox-sidewalk-testbed-2025/2025-07-14_15-11-49-942_Metal_Clear_BMCC_45.mp4
2025-07-15_14-07-50-682_Ceramic_Clear_BMCC_21.mp4,2025,92.73333333333333,Ceramic,Clear,BMCC,https://storage.googleapis.com/labelbox-sidewalk-testbed-2025/2025-07-15_14-07-50-682_Ceramic_Clear_BMCC_21.mp4
2025-07-10_13-10-19-989_Roller_Marshmallow_Clear_Unset_0.mp4,2025,23.933333333333334,Roller_Marshmallow,Clear,Unset,https://storage.googleapis.com/labelbox-sidewalk-testbed-2025/2025-07-10_13-10-19-989_Roller_Marshmallow_Clear_Unset_0.mp4
0_2025-01-24_11-53-45.9900_none.mp4,2025,46.9,,,,https://storage.googleapis.com/labelbox-sidewalk-testbed-2025/0_2025-01-24_11-53-45.9900_none.mp4
2025-07-14_14-57-24-192_Metal_Clear_BMCC_45.mp4,2025,12.533333333333333,Metal,Clear,BMCC,https://storage.googleapis.com/labelbox-sidewalk-testbed-2025/2025-07-14_14-57-24-192_Metal_Clear_BMCC_45.mp4
2025-07-15_14-06-38-574_Ceramic_Clear_BMCC_22.mp4,2025,16.933333333333334,Ceramic,Clear,BMCC,https://storage.googleapis.com/labelbox-sidewalk-testbed-2025/2025-07-15_14-06-38-574_Ceramic_Clear_BMCC_22.mp4
2025-07-14_14-40-50-499_Metal_Clear_BMCC_45.mp4,2025,7.133333333333334,Metal,Clear,BMCC,https://storage.googleapis.com/labelbox-sidewalk-testbed-2025/2025-07-14_14-40-50-499_Metal_Clear_BMCC_45.mp4
2025-07-15_14-08-16-942_Roller_Ball_Clear_BMCC_9.mp4,2025,5.733333333333333,Roller_Ball,Clear,BMCC,https://storage.googleapis.com/labelbox-sidewalk-testbed-2025/2025-07-15_14-08-16-942_Roller_Ball_Clear_BMCC_9.mp4
2025-07-15_14-28-04-708_Roller_Ball_Clear_BMCC_17.mp4,2025,230.6,Roller_Ball,Clear,BMCC,https://storage.googleapis.com/labelbox-sidewalk-testbed-2025/2025-07-15_14-28-04-708_Roller_Ball_Clear_BMCC_17.mp4
2025-07-15_14-15-57-323_Marshmallow_Clear_BMCC_14.mp4,2025,400.73333333333335,Marshmallow,Clear,BMCC,https://storage.googleapis.com/labelbox-sidewalk-testbed-2025/2025-07-15_14-15-57-323_Marshmallow_Clear_BMCC_14.mp4
2025-07-15_13-59-29-003_Ceramic_Clear_BMCC_22.mp4,2025,8.533333333333333,Ceramic,Clear,BMCC,https://storage.googleapis.com/labelbox-sidewalk-testbed-2025/2025-07-15_13-59-29-003_Ceramic_Clear_BMCC_22.mp4
2025-07-10_13-57-33-845_Marshmallow_Clear_BMCC_18.mp4,2025,3.533333333333333,Marshmallow,Clear,BMCC,https://storage.googleapis.com/labelbox-sidewalk-testbed-2025/2025-07-10_13-57-33-845_Marshmallow_Clear_BMCC_18.mp4
2025-07-14_14-39-53-260_Roller_Ball_Clear_BMCC_8.mp4,2025,7.133333333333334,Roller_Ball,Clear,BMCC,https://storage.googleapis.com/labelbox-sidewalk-testbed-2025/2025-07-14_14-39-53-260_Roller_Ball_Clear_BMCC_8.mp4
2025-07-10_13-51-38-986_Metal_Clear_Unset_39.mp4,2025,32.53333333333333,Metal,Clear,Unset,https://storage.googleapis.com/labelbox-sidewalk-testbed-2025/2025-07-10_13-51-38-986_Metal_Clear_Unset_39.mp4
2025-07-15_13-49-57-383_Ceramic_Clear_BMCC_25.mp4,2025,10.2,Ceramic,Clear,BMCC,https://storage.googleapis.com/labelbox-sidewalk-testbed-2025/2025-07-15_13-49-57-383_Ceramic_Clear_BMCC_25.mp4
2025-07-14_14-45-38-432_Marshmallow_Clear_BMCC_18.mp4,2025,376.1333333333333,Marshmallow,Clear,BMCC,https://storage.googleapis.com/labelbox-sidewalk-testbed-2025/2025-07-14_14-45-38-432_Marshmallow_Clear_BMCC_18.mp4
0_2025-01-23_6-48-55.1730_none.mp4,2025,4.916666666666667,,,,https://storage.googleapis.com/labelbox-sidewalk-testbed-2025/0_2025-01-23_6-48-55.1730_none.mp4
2025-07-16_13-55-51-452_Roller_Ball_Clear_BMCC_16.mp4,2025,20.8,Roller_Ball,Clear,BMCC,https://storage.googleapis.com/labelbox-sidewalk-testbed-2025/2025-07-16_13-55-51-452_Roller_Ball_Clear_BMCC_16.mp4
2025-07-15_14-36-15-416_Roller_Ball_Clear_BMCC_18.mp4,2025,140.26666666666668,Roller_Ball,Clear,BMCC,https://storage.googleapis.com/labelbox-sidewalk-testbed-2025/2025-07-15_14-36-15-416_Roller_Ball_Clear_BMCC_18.mp4
2025-07-14_15-13-22-033_Roller_Ball_Clear_BMCC_18.mp4,2025,179.8,Roller_Ball,Clear,BMCC,https://storage.googleapis.com/labelbox-sidewalk-testbed-2025/2025-07-14_15-13-22-033_Roller_Ball_Clear_BMCC_18.mp4
2025-07-15_13-29-16-452_Ceramic_Clear_BMCC_23.mp4,2025,6.733333333333333,Ceramic,Clear,BMCC,https://storage.googleapis.com/labelbox-sidewalk-testbed-2025/2025-07-15_13-29-16-452_Ceramic_Clear_BMCC_23.mp4
2025-07-15_14-03-44-936_Roller_Ball_Clear_BMCC_9.mp4,2025,10.333333333333334,Roller_Ball,Clear,BMCC,https://storage.googleapis.com/labelbox-sidewalk-testbed-2025/2025-07-15_14-03-44-936_Roller_Ball_Clear_BMCC_9.mp4
2025-07-16_14-04-53-328_Roller_Ball_Clear_BMCC_16.mp4,2025,53.93333333333333,Roller_Ball,Clear,BMCC,https://storage.googleapis.com/labelbox-sidewalk-testbed-2025/2025-07-16_14-04-53-328_Roller_Ball_Clear_BMCC_16.mp4
2025-07-14_14-26-15-098_Roller_Ball_Clear_BMCC_7.mp4,2025,6.333333333333333,Roller_Ball,Clear,BMCC,https://storage.googleapis.com/labelbox-sidewalk-testbed-2025/2025-07-14_14-26-15-098_Roller_Ball_Clear_BMCC_7.mp4
0_2025-01-22_15-57-26.5530_none.mp4,2025,2.9166666666666665,,,,https://storage.googleapis.com/labelbox-sidewalk-testbed-2025/0_2025-01-22_15-57-26.5530_none.mp4
2025-07-14_14-54-01-663_Metal_Clear_BMCC_45.mp4,2025,73.4,Metal,Clear,BMCC,https://storage.googleapis.com/labelbox-sidewalk-testbed-2025/2025-07-14_14-54-01-663_Metal_Clear_BMCC_45.mp4
2025-07-15_13-28-27-748_Roller_Ball_Clear_BMCC_6.mp4,2025,6.533333333333333,Roller_Ball,Clear,BMCC,https://storage.googleapis.com/labelbox-sidewalk-testbed-2025/2025-07-15_13-28-27-748_Roller_Ball_Clear_BMCC_6.mp4
2025-07-14_14-47-36-291_Roller_Ball_Clear_BMCC_9.mp4,2025,3.933333333333333,Roller_Ball,Clear,BMCC,https://storage.googleapis.com/labelbox-sidewalk-testbed-2025/2025-07-14_14-47-36-291_Roller_Ball_Clear_BMCC_9.mp4
0_2025-02-13_20-11-05.6650_none.mp4,2025,3.25,,,,https://storage.googleapis.com/labelbox-sidewalk-testbed-2025/0_2025-02-13_20-11-05.6650_none.mp4
2025-07-15_13-58-15-417_Ceramic_Clear_BMCC_22.mp4,2025,11.8,Ceramic,Clear,BMCC,https://storage.googleapis.com/labelbox-sidewalk-testbed-2025/2025-07-15_13-58-15-417_Ceramic_Clear_BMCC_22.mp4
2025-07-15_13-28-18-230_Ceramic_Clear_BMCC_23.mp4,2025,19.333333333333332,Ceramic,Clear,BMCC,https://storage.googleapis.com/labelbox-sidewalk-testbed-2025/2025-07-15_13-28-18-230_Ceramic_Clear_BMCC_23.mp4
2025-07-16_14-00-14-937_Roller_Ball_Clear_BMCC_16.mp4,2025,12.333333333333334,Roller_Ball,Clear,BMCC,https://storage.googleapis.com/labelbox-sidewalk-testbed-2025/2025-07-16_14-00-14-937_Roller_Ball_Clear_BMCC_16.mp4
2025-07-16_14-25-09-646_Marshmallow_Clear_BMCC_8.mp4,2025,309.3333333333333,Marshmallow,Clear,BMCC,https://storage.googleapis.com/labelbox-sidewalk-testbed-2025/2025-07-16_14-25-09-646_Marshmallow_Clear_BMCC_8.mp4
2025-07-14_15-06-48-724_Metal_Clear_BMCC_45.mp4,2025,147.8,Metal,Clear,BMCC,https://storage.googleapis.com/labelbox-sidewalk-testbed-2025/2025-07-14_15-06-48-724_Metal_Clear_BMCC_45.mp4
2025-07-16_14-15-35-666_Roller_Ball_Clear_BMCC_11.mp4,2025,35.53333333333333,Roller_Ball,Clear,BMCC,https://storage.googleapis.com/labelbox-sidewalk-testbed-2025/2025-07-16_14-15-35-666_Roller_Ball_Clear_BMCC_11.mp4
2025-07-15_14-06-20-542_Roller_Ball_Clear_BMCC_9.mp4,2025,7.2,Roller_Ball,Clear,BMCC,https://storage.googleapis.com/labelbox-sidewalk-testbed-2025/2025-07-15_14-06-20-542_Roller_Ball_Clear_BMCC_9.mp4
2025-07-14_15-15-31-874_Metal_Clear_BMCC_45.mp4,2025,9.933333333333334,Metal,Clear,BMCC,https://storage.googleapis.com/labelbox-sidewalk-testbed-2025/2025-07-14_15-15-31-874_Metal_Clear_BMCC_45.mp4
2025-07-16_14-13-33-100_Roller_Ball_Clear_BMCC_11.mp4,2025,4.533333333333333,Roller_Ball,Clear,BMCC,https://storage.googleapis.com/labelbox-sidewalk-testbed-2025/2025-07-16_14-13-33-100_Roller_Ball_Clear_BMCC_11.mp4
2025-07-15_13-59-45-801_Ceramic_Clear_BMCC_22.mp4,2025,10.333333333333334,Ceramic,Clear,BMCC,https://storage.googleapis.com/labelbox-sidewalk-testbed-2025/2025-07-15_13-59-45-801_Ceramic_Clear_BMCC_22.mp4
2025-07-16_13-58-44-981_Roller_Ball_Clear_BMCC_16.mp4,2025,15.333333333333334,Roller_Ball,Clear,BMCC,https://storage.googleapis.com/labelbox-sidewalk-testbed-2025/2025-07-16_13-58-44-981_Roller_Ball_Clear_BMCC_16.mp4
2025-07-15_14-00-16-751_Marshmallow_Clear_BMCC_16.mp4,2025,24.6,Marshmallow,Clear,BMCC,https://storage.googleapis.com/labelbox-sidewalk-testbed-2025/2025-07-15_14-00-16-751_Marshmallow_Clear_BMCC_16.mp4
2025-07-14_15-16-29-606_Metal_Clear_BMCC_45.mp4,2025,5.533333333333333,Metal,Clear,BMCC,https://storage.googleapis.com/labelbox-sidewalk-testbed-2025/2025-07-14_15-16-29-606_Metal_Clear_BMCC_45.mp4
2025-07-14_14-41-21-643_Metal_Clear_BMCC_45.mp4,2025,13.733333333333333,Metal,Clear,BMCC,https://storage.googleapis.com/labelbox-sidewalk-testbed-2025/2025-07-14_14-41-21-643_Metal_Clear_BMCC_45.mp4
2025-07-14_14-08-41-132_Ceramic_Clear_BMCC_23.mp4,2025,4.333333333333333,Ceramic,Clear,BMCC,https://storage.googleapis.com/labelbox-sidewalk-testbed-2025/2025-07-14_14-08-41-132_Ceramic_Clear_BMCC_23.mp4
2025-07-15_14-05-51-444_Roller_Ball_Clear_BMCC_9.mp4,2025,18.4,Roller_Ball,Clear,BMCC,https://storage.googleapis.com/labelbox-sidewalk-testbed-2025/2025-07-15_14-05-51-444_Roller_Ball_Clear_BMCC_9.mp4
2025-07-10_14-13-32-143_Roller_Ball_Clear_BMCC_31.mp4,2025,304.0,Roller_Ball,Clear,BMCC,https://storage.googleapis.com/labelbox-sidewalk-testbed-2025/2025-07-10_14-13-32-143_Roller_Ball_Clear_BMCC_31.mp4
2025-07-16_13-59-48-307_Roller_Ball_Clear_BMCC_16.mp4,2025,7.333333333333333,Roller_Ball,Clear,BMCC,https://storage.googleapis.com/labelbox-sidewalk-testbed-2025/2025-07-16_13-59-48-307_Roller_Ball_Clear_BMCC_16.mp4
2025-07-15_13-41-27-891_Ceramic_Clear_BMCC_24.mp4,2025,1.7333333333333334,Ceramic,Clear,BMCC,https://storage.googleapis.com/labelbox-sidewalk-testbed-2025/2025-07-15_13-41-27-891_Ceramic_Clear_BMCC_24.mp4
2025-07-15_13-55-07-714_Ceramic_Clear_BMCC_26.mp4,2025,17.0,Ceramic,Clear,BMCC,https://storage.googleapis.com/labelbox-sidewalk-testbed-2025/2025-07-15_13-55-07-714_Ceramic_Clear_BMCC_26.mp4
2025-07-15_13-57-20-660_Roller_Ball_Clear_BMCC_8.mp4,2025,10.8,Roller_Ball,Clear,BMCC,https://storage.googleapis.com/labelbox-sidewalk-testbed-2025/2025-07-15_13-57-20-660_Roller_Ball_Clear_BMCC_8.mp4
2025-07-15_13-44-13-635_Ceramic_Clear_BMCC_24.mp4,2025,14.333333333333334,Ceramic,Clear,BMCC,https://storage.googleapis.com/labelbox-sidewalk-testbed-2025/2025-07-15_13-44-13-635_Ceramic_Clear_BMCC_24.mp4
2025-07-15_13-38-28-540_Ceramic_Clear_BMCC_23.mp4,2025,22.533333333333335,Ceramic,Clear,BMCC,https://storage.googleapis.com/labelbox-sidewalk-testbed-2025/2025-07-15_13-38-28-540_Ceramic_Clear_BMCC_23.mp4
2025-07-10_14-20-30-307_Metal_Clear_Unset_41.mp4,2025,4.733333333333333,Metal,Clear,Unset,https://storage.googleapis.com/labelbox-sidewalk-testbed-2025/2025-07-10_14-20-30-307_Metal_Clear_Unset_41.mp4
2025-07-14_14-15-08-942_Roller_Marshmallow_Clear_BMCC_15.mp4,2025,9.733333333333333,Roller_Marshmallow,Clear,BMCC,https://storage.googleapis.com/labelbox-sidewalk-testbed-2025/2025-07-14_14-15-08-942_Roller_Marshmallow_Clear_BMCC_15.mp4
2025-07-14_13-47-39-890_Roller_Marshmallow_Clear_BMCC_15.mp4,2025,3.933333333333333,Roller_Marshmallow,Clear,BMCC,https://storage.googleapis.com/labelbox-sidewalk-testbed-2025/2025-07-14_13-47-39-890_Roller_Marshmallow_Clear_BMCC_15.mp4
2025-07-14_14-00-36-144_Roller_Marshmallow_Clear_BMCC_15.mp4,2025,367.93333333333334,Roller_Marshmallow,Clear,BMCC,https://storage.googleapis.com/labelbox-sidewalk-testbed-2025/2025-07-14_14-00-36-144_Roller_Marshmallow_Clear_BMCC_15.mp4
2025-07-14_14-27-58-286_Roller_Ball_Clear_BMCC_7.mp4,2025,19.6,Roller_Ball,Clear,BMCC,https://storage.googleapis.com/labelbox-sidewalk-testbed-2025/2025-07-14_14-27-58-286_Roller_Ball_Clear_BMCC_7.mp4
2025-07-15_14-09-41-009_Roller_Ball_Clear_BMCC_9.mp4,2025,49.93333333333333,Roller_Ball,Clear,BMCC,https://storage.googleapis.com/labelbox-sidewalk-testbed-2025/2025-07-15_14-09-41-009_Roller_Ball_Clear_BMCC_9.mp4
0_2025-01-22_15-29-35.1760_none.mp4,2025,3.1666666666666665,,,,https://storage.googleapis.com/labelbox-sidewalk-testbed-2025/0_2025-01-22_15-29-35.1760_none.mp4
2025-07-15_14-10-51-510_Ceramic_Clear_BMCC_21.mp4,2025,10.333333333333334,Ceramic,Clear,BMCC,https://storage.googleapis.com/labelbox-sidewalk-testbed-2025/2025-07-15_14-10-51-510_Ceramic_Clear_BMCC_21.mp4
2025-07-14_13-37-35-662_Ceramic_Clear_BMCC_19.mp4,2025,3.3333333333333335,Ceramic,Clear,BMCC,https://storage.googleapis.com/labelbox-sidewalk-testbed-2025/2025-07-14_13-37-35-662_Ceramic_Clear_BMCC_19.mp4
2025-07-16_13-57-24-689_Roller_Ball_Clear_BMCC_16.mp4,2025,39.0,Roller_Ball,Clear,BMCC,https://storage.googleapis.com/labelbox-sidewalk-testbed-2025/2025-07-16_13-57-24-689_Roller_Ball_Clear_BMCC_16.mp4
2025-07-15_13-31-12-464_Roller_Ball_Clear_BMCC_6.mp4,2025,462.8,Roller_Ball,Clear,BMCC,https://storage.googleapis.com/labelbox-sidewalk-testbed-2025/2025-07-15_13-31-12-464_Roller_Ball_Clear_BMCC_6.mp4
2025-07-15_14-38-42-409_Marshmallow_Clear_BMCC_12.mp4,2025,457.3333333333333,Marshmallow,Clear,BMCC,https://storage.googleapis.com/labelbox-sidewalk-testbed-2025/2025-07-15_14-38-42-409_Marshmallow_Clear_BMCC_12.mp4
2025-07-10_14-27-44-133_Ceramic_Clear_BMCC_15.mp4,2025,255.33333333333334,Ceramic,Clear,BMCC,https://storage.googleapis.com/labelbox-sidewalk-testbed-2025/2025-07-10_14-27-44-133_Ceramic_Clear_BMCC_15.mp4
0_2025-01-22_14-29-44.2600_none.mp4,2025,1.3333333333333333,,,,https://storage.googleapis.com/labelbox-sidewalk-testbed-2025/0_2025-01-22_14-29-44.2600_none.mp4
2025-07-14_14-47-12-914_Roller_Ball_Clear_BMCC_9.mp4,2025,10.133333333333333,Roller_Ball,Clear,BMCC,https://storage.googleapis.com/labelbox-sidewalk-testbed-2025/2025-07-14_14-47-12-914_Roller_Ball_Clear_BMCC_9.mp4
2025-07-15_13-29-59-178_Ceramic_Clear_BMCC_23.mp4,2025,7.133333333333334,Ceramic,Clear,BMCC,https://storage.googleapis.com/labelbox-sidewalk-testbed-2025/2025-07-15_13-29-59-178_Ceramic_Clear_BMCC_23.mp4
2025-07-10_14-01-21-833_Marshmallow_Clear_BMCC_18.mp4,2025,248.66666666666666,Marshmallow,Clear,BMCC,https://storage.googleapis.com/labelbox-sidewalk-testbed-2025/2025-07-10_14-01-21-833_Marshmallow_Clear_BMCC_18.mp4
2025-07-10_13-59-04-717_Roller_Ball_Clear_BMCC_33.mp4,2025,246.6,Roller_Ball,Clear,BMCC,https://storage.googleapis.com/labelbox-sidewalk-testbed-2025/2025-07-10_13-59-04-717_Roller_Ball_Clear_BMCC_33.mp4
2025-07-10_14-29-37-396_Roller_Ball_Clear_BMCC_28.mp4,2025,155.2,Roller_Ball,Clear,BMCC,https://storage.googleapis.com/labelbox-sidewalk-testbed-2025/2025-07-10_14-29-37-396_Roller_Ball_Clear_BMCC_28.mp4
2025-07-10_14-22-49-736_Marshmallow_Clear_BMCC_18.mp4,2025,286.8666666666667,Marshmallow,Clear,BMCC,https://storage.googleapis.com/labelbox-sidewalk-testbed-2025/2025-07-10_14-22-49-736_Marshmallow_Clear_BMCC_18.mp4
2025-07-14_14-47-27-426_Roller_Marshmallow_Clear_BMCC_15.mp4,2025,14.333333333333334,Roller_Marshmallow,Clear,BMCC,https://storage.googleapis.com/labelbox-sidewalk-testbed-2025/2025-07-14_14-47-27-426_Roller_Marshmallow_Clear_BMCC_15.mp4
0_2025-01-23_6-49-15.8830_none.mp4,2025,2.4166666666666665,,,,https://storage.googleapis.com/labelbox-sidewalk-testbed-2025/0_2025-01-23_6-49-15.8830_none.mp4
2025-07-14_14-09-02-787_Ceramic_Clear_BMCC_23.mp4,2025,24.4,Ceramic,Clear,BMCC,https://storage.googleapis.com/labelbox-sidewalk-testbed-2025/2025-07-14_14-09-02-787_Ceramic_Clear_BMCC_23.mp4
2025-07-16_14-30-25-733_Marshmallow_Clear_BMCC_8.mp4,2025,40.4,Marshmallow,Clear,BMCC,https://storage.googleapis.com/labelbox-sidewalk-testbed-2025/2025-07-16_14-30-25-733_Marshmallow_Clear_BMCC_8.mp4
2025-07-14_15-02-58-234_Metal_Clear_BMCC_45.mp4,2025,22.4,Metal,Clear,BMCC,https://storage.googleapis.com/labelbox-sidewalk-testbed-2025/2025-07-14_15-02-58-234_Metal_Clear_BMCC_45.mp4
2025-07-15_13-24-24-010_Ceramic_Clear_BMCC_23.mp4,2025,51.2,Ceramic,Clear,BMCC,https://storage.googleapis.com/labelbox-sidewalk-testbed-2025/2025-07-15_13-24-24-010_Ceramic_Clear_BMCC_23.mp4
2025-07-14_14-48-11-411_Roller_Ball_Clear_BMCC_9.mp4,2025,15.733333333333333,Roller_Ball,Clear,BMCC,https://storage.googleapis.com/labelbox-sidewalk-testbed-2025/2025-07-14_14-48-11-411_Roller_Ball_Clear_BMCC_9.mp4
2025-07-16_14-08-09-477_Roller_Ball_Clear_BMCC_16.mp4,2025,2.6,Roller_Ball,Clear,BMCC,https://storage.googleapis.com/labelbox-sidewalk-testbed-2025/2025-07-16_14-08-09-477_Roller_Ball_Clear_BMCC_16.mp4
0_2025-01-23_6-58-56.6350_none.mp4,2025,1.5,,,,https://storage.googleapis.com/labelbox-sidewalk-testbed-2025/0_2025-01-23_6-58-56.6350_none.mp4
2025-07-15_13-34-38-672_Ceramic_Clear_BMCC_23.mp4,2025,25.0,Ceramic,Clear,BMCC,https://storage.googleapis.com/labelbox-sidewalk-testbed-2025/2025-07-15_13-34-38-672_Ceramic_Clear_BMCC_23.mp4
2025-07-14_14-54-23-160_Roller_Ball_Clear_BMCC_10.mp4,2025,149.93333333333334,Roller_Ball,Clear,BMCC,https://storage.googleapis.com/labelbox-sidewalk-testbed-2025/2025-07-14_14-54-23-160_Roller_Ball_Clear_BMCC_10.mp4
0_2025-01-23_8-25-19.7470_none.mp4,2025,1.4166666666666667,,,,https://storage.googleapis.com/labelbox-sidewalk-testbed-2025/0_2025-01-23_8-25-19.7470_none.mp4
2025-07-14_14-00-18-223_Roller_Marshmallow_Clear_BMCC_15.mp4,2025,8.8,Roller_Marshmallow,Clear,BMCC,https://storage.googleapis.com/labelbox-sidewalk-testbed-2025/2025-07-14_14-00-18-223_Roller_Marshmallow_Clear_BMCC_15.mp4
0_2025-01-22_16-08-57.1910_none.mp4,2025,1.4166666666666667,,,,https://storage.googleapis.com/labelbox-sidewalk-testbed-2025/0_2025-01-22_16-08-57.1910_none.mp4
2025-07-14_14-39-07-713_Roller_Ball_Clear_BMCC_8.mp4,2025,4.133333333333334,Roller_Ball,Clear,BMCC,https://storage.googleapis.com/labelbox-sidewalk-testbed-2025/2025-07-14_14-39-07-713_Roller_Ball_Clear_BMCC_8.mp4
2025-07-14_14-35-36-383_Roller_Ball_Clear_BMCC_8.mp4,2025,19.733333333333334,Roller_Ball,Clear,BMCC,https://storage.googleapis.com/labelbox-sidewalk-testbed-2025/2025-07-14_14-35-36-383_Roller_Ball_Clear_BMCC_8.mp4
2025-07-14_13-54-57-330_Roller_Marshmallow_Clear_BMCC_15.mp4,2025,10.6,Roller_Marshmallow,Clear,BMCC,https://storage.googleapis.com/labelbox-sidewalk-testbed-2025/2025-07-14_13-54-57-330_Roller_Marshmallow_Clear_BMCC_15.mp4
2025-07-15_13-34-13-621_Ceramic_Clear_BMCC_23.mp4,2025,14.6,Ceramic,Clear,BMCC,https://storage.googleapis.com/labelbox-sidewalk-testbed-2025/2025-07-15_13-34-13-621_Ceramic_Clear_BMCC_23.mp4
2025-07-14_15-17-27-707_Metal_Clear_BMCC_45.mp4,2025,113.0,Metal,Clear,BMCC,https://storage.googleapis.com/labelbox-sidewalk-testbed-2025/2025-07-14_15-17-27-707_Metal_Clear_BMCC_45.mp4
2025-07-14_14-41-43-178_Metal_Clear_BMCC_45.mp4,2025,5.733333333333333,Metal,Clear,BMCC,https://storage.googleapis.com/labelbox-sidewalk-testbed-2025/2025-07-14_14-41-43-178_Metal_Clear_BMCC_45.mp4
2025-07-14_14-15-13-907_Roller_Ball_Clear_BMCC_6.mp4,2025,131.73333333333332,Roller_Ball,Clear,BMCC,https://storage.googleapis.com/labelbox-sidewalk-testbed-2025/2025-07-14_14-15-13-907_Roller_Ball_Clear_BMCC_6.mp4
2025-07-15_13-41-38-200_Ceramic_Clear_BMCC_24.mp4,2025,3.933333333333333,Ceramic,Clear,BMCC,https://storage.googleapis.com/labelbox-sidewalk-testbed-2025/2025-07-15_13-41-38-200_Ceramic_Clear_BMCC_24.mp4
2025-07-14_14-10-40-582_Roller_Marshmallow_Clear_BMCC_15.mp4,2025,94.43699731903486,Roller_Marshmallow,Clear,BMCC,https://storage.googleapis.com/labelbox-sidewalk-testbed-2025/2025-07-14_14-10-40-582_Roller_Marshmallow_Clear_BMCC_15.mp4
2025-07-16_14-08-20-086_Roller_Ball_Clear_BMCC_16.mp4,2025,26.4,Roller_Ball,Clear,BMCC,https://storage.googleapis.com/labelbox-sidewalk-testbed-2025/2025-07-16_14-08-20-086_Roller_Ball_Clear_BMCC_16.mp4
2025-07-14_13-55-22-099_Roller_Marshmallow_Clear_BMCC_15.mp4,2025,211.93333333333334,Roller_Marshmallow,Clear,BMCC,https://storage.googleapis.com/labelbox-sidewalk-testbed-2025/2025-07-14_13-55-22-099_Roller_Marshmallow_Clear_BMCC_15.mp4
2025-07-16_14-10-48-886_Roller_Ball_Clear_BMCC_16.mp4,2025,12.2,Roller_Ball,Clear,BMCC,https://storage.googleapis.com/labelbox-sidewalk-testbed-2025/2025-07-16_14-10-48-886_Roller_Ball_Clear_BMCC_16.mp4
2025-07-14_14-24-57-876_Roller_Ball_Clear_BMCC_7.mp4,2025,48.333333333333336,Roller_Ball,Clear,BMCC,https://storage.googleapis.com/labelbox-sidewalk-testbed-2025/2025-07-14_14-24-57-876_Roller_Ball_Clear_BMCC_7.mp4
2025-07-14_15-05-36-115_Roller_Ball_Clear_BMCC_17.mp4,2025,3.933333333333333,Roller_Ball,Clear,BMCC,https://storage.googleapis.com/labelbox-sidewalk-testbed-2025/2025-07-14_15-05-36-115_Roller_Ball_Clear_BMCC_17.mp4
2025-07-14_14-30-44-812_Marshmallow_Clear_BMCC_16.mp4,2025,202.4,Marshmallow,Clear,BMCC,https://storage.googleapis.com/labelbox-sidewalk-testbed-2025/2025-07-14_14-30-44-812_Marshmallow_Clear_BMCC_16.mp4
0_2025-01-23_6-53-22.6770_none.mp4,2025,1.6666666666666667,,,,https://storage.googleapis.com/labelbox-sidewalk-testbed-2025/0_2025-01-23_6-53-22.6770_none.mp4
2025-07-14_14-07-24-900_Roller_Marshmallow_Clear_BMCC_15.mp4,2025,160.93333333333334,Roller_Marshmallow,Clear,BMCC,https://storage.googleapis.com/labelbox-sidewalk-testbed-2025/2025-07-14_14-07-24-900_Roller_Marshmallow_Clear_BMCC_15.mp4
2025-07-16_14-18-09-658_Roller_Ball_Clear_BMCC_11.mp4,2025,28.6,Roller_Ball,Clear,BMCC,https://storage.googleapis.com/labelbox-sidewalk-testbed-2025/2025-07-16_14-18-09-658_Roller_Ball_Clear_BMCC_11.mp4
2025-07-15_13-53-06-200_Ceramic_Clear_BMCC_26.mp4,2025,6.133333333333334,Ceramic,Clear,BMCC,https://storage.googleapis.com/labelbox-sidewalk-testbed-2025/2025-07-15_13-53-06-200_Ceramic_Clear_BMCC_26.mp4
2025-07-10_13-57-22-412_Roller_Marshmallow_Clear_BMCC_15.mp4,2025,785.4666666666667,Roller_Marshmallow,Clear,BMCC,https://storage.googleapis.com/labelbox-sidewalk-testbed-2025/2025-07-10_13-57-22-412_Roller_Marshmallow_Clear_BMCC_15.mp4
2025-07-15_14-09-33-523_Ceramic_Clear_BMCC_21.mp4,2025,9.533333333333333,Ceramic,Clear,BMCC,https://storage.googleapis.com/labelbox-sidewalk-testbed-2025/2025-07-15_14-09-33-523_Ceramic_Clear_BMCC_21.mp4
2025-07-15_11-16-41-514_Roller_Ball_Clear_BMCC_1.mp4,2025,14.133333333333333,Roller_Ball,Clear,BMCC,https://storage.googleapis.com/labelbox-sidewalk-testbed-2025/2025-07-15_11-16-41-514_Roller_Ball_Clear_BMCC_1.mp4
2025-07-15_13-48-37-780_Ceramic_Clear_BMCC_25.mp4,2025,28.6,Ceramic,Clear,BMCC,https://storage.googleapis.com/labelbox-sidewalk-testbed-2025/2025-07-15_13-48-37-780_Ceramic_Clear_BMCC_25.mp4
2025-07-10_14-14-31-183_Roller_Marshmallow_Clear_BMCC_15.mp4,2025,5.933333333333334,Roller_Marshmallow,Clear,BMCC,https://storage.googleapis.com/labelbox-sidewalk-testbed-2025/2025-07-10_14-14-31-183_Roller_Marshmallow_Clear_BMCC_15.mp4
2025-07-16_14-07-12-719_Roller_Ball_Clear_BMCC_16.mp4,2025,35.13333333333333,Roller_Ball,Clear,BMCC,https://storage.googleapis.com/labelbox-sidewalk-testbed-2025/2025-07-16_14-07-12-719_Roller_Ball_Clear_BMCC_16.mp4
2025-07-16_14-03-00-567_Roller_Ball_Clear_BMCC_16.mp4,2025,22.333333333333332,Roller_Ball,Clear,BMCC,https://storage.googleapis.com/labelbox-sidewalk-testbed-2025/2025-07-16_14-03-00-567_Roller_Ball_Clear_BMCC_16.mp4
2025-07-10_13-52-36-006_Roller_Marshmallow_Clear_BMCC_15.mp4,2025,26.6,Roller_Marshmallow,Clear,BMCC,https://storage.googleapis.com/labelbox-sidewalk-testbed-2025/2025-07-10_13-52-36-006_Roller_Marshmallow_Clear_BMCC_15.mp4
2025-07-14_14-59-47-925_Roller_Ball_Clear_BMCC_5.mp4,2025,69.2,Roller_Ball,Clear,BMCC,https://storage.googleapis.com/labelbox-sidewalk-testbed-2025/2025-07-14_14-59-47-925_Roller_Ball_Clear_BMCC_5.mp4
2025-07-15_14-07-12-002_Ceramic_Clear_BMCC_22.mp4,2025,19.533333333333335,Ceramic,Clear,BMCC,https://storage.googleapis.com/labelbox-sidewalk-testbed-2025/2025-07-15_14-07-12-002_Ceramic_Clear_BMCC_22.mp4
2025-07-15_13-31-34-781_Ceramic_Clear_BMCC_23.mp4,2025,12.933333333333334,Ceramic,Clear,BMCC,https://storage.googleapis.com/labelbox-sidewalk-testbed-2025/2025-07-15_13-31-34-781_Ceramic_Clear_BMCC_23.mp4
2025-07-15_14-21-56-340_Roller_Ball_Clear_BMCC_5.mp4,2025,191.4,Roller_Ball,Clear,BMCC,https://storage.googleapis.com/labelbox-sidewalk-testbed-2025/2025-07-15_14-21-56-340_Roller_Ball_Clear_BMCC_5.mp4
2025-07-16_13-49-21-171_Roller_Ball_Clear_BMCC_16.mp4,2025,21.733333333333334,Roller_Ball,Clear,BMCC,https://storage.googleapis.com/labelbox-sidewalk-testbed-2025/2025-07-16_13-49-21-171_Roller_Ball_Clear_BMCC_16.mp4
2025-07-16_13-55-15-574_Roller_Ball_Clear_BMCC_16.mp4,2025,5.133333333333334,Roller_Ball,Clear,BMCC,https://storage.googleapis.com/labelbox-sidewalk-testbed-2025/2025-07-16_13-55-15-574_Roller_Ball_Clear_BMCC_16.mp4
2025-07-14_14-35-19-537_Roller_Ball_Clear_BMCC_8.mp4,2025,7.533333333333333,Roller_Ball,Clear,BMCC,https://storage.googleapis.com/labelbox-sidewalk-testbed-2025/2025-07-14_14-35-19-537_Roller_Ball_Clear_BMCC_8.mp4
2025-07-15_14-54-43-706_Marshmallow_Clear_BMCC_11.mp4,2025,109.8,Marshmallow,Clear,BMCC,https://storage.googleapis.com/labelbox-sidewalk-testbed-2025/2025-07-15_14-54-43-706_Marshmallow_Clear_BMCC_11.mp4
2025-07-14_14-40-10-833_Roller_Ball_Clear_BMCC_8.mp4,2025,79.73333333333333,Roller_Ball,Clear,BMCC,https://storage.googleapis.com/labelbox-sidewalk-testbed-2025/2025-07-14_14-40-10-833_Roller_Ball_Clear_BMCC_8.mp4
2025-07-14_14-53-26-933_Metal_Clear_BMCC_45.mp4,2025,10.133333333333333,Metal,Clear,BMCC,https://storage.googleapis.com/labelbox-sidewalk-testbed-2025/2025-07-14_14-53-26-933_Metal_Clear_BMCC_45.mp4
2025-07-15_14-08-58-937_Roller_Ball_Clear_BMCC_9.mp4,2025,31.0,Roller_Ball,Clear,BMCC,https://storage.googleapis.com/labelbox-sidewalk-testbed-2025/2025-07-15_14-08-58-937_Roller_Ball_Clear_BMCC_9.mp4
2025-07-15_14-28-46-799_Marshmallow_Clear_BMCC_13.mp4,2025,281.6,Marshmallow,Clear,BMCC,https://storage.googleapis.com/labelbox-sidewalk-testbed-2025/2025-07-15_14-28-46-799_Marshmallow_Clear_BMCC_13.mp4
2025-07-15_13-53-02-420_Roller_Ball_Clear_BMCC_8.mp4,2025,9.333333333333334,Roller_Ball,Clear,BMCC,https://storage.googleapis.com/labelbox-sidewalk-testbed-2025/2025-07-15_13-53-02-420_Roller_Ball_Clear_BMCC_8.mp4
2025-07-16_14-03-31-828_Roller_Ball_Clear_BMCC_16.mp4,2025,6.733333333333333,Roller_Ball,Clear,BMCC,https://storage.googleapis.com/labelbox-sidewalk-testbed-2025/2025-07-16_14-03-31-828_Roller_Ball_Clear_BMCC_16.mp4
2025-07-15_13-44-53-403_Ceramic_Clear_BMCC_24.mp4,2025,60.6,Ceramic,Clear,BMCC,https://storage.googleapis.com/labelbox-sidewalk-testbed-2025/2025-07-15_13-44-53-403_Ceramic_Clear_BMCC_24.mp4
2025-07-14_14-17-46-979_Marshmallow_Clear_BMCC_16.mp4,2025,327.46666666666664,Marshmallow,Clear,BMCC,https://storage.googleapis.com/labelbox-sidewalk-testbed-2025/2025-07-14_14-17-46-979_Marshmallow_Clear_BMCC_16.mp4
2025-07-15_14-02-13-899_Ceramic_Clear_BMCC_22.mp4,2025,7.133333333333334,Ceramic,Clear,BMCC,https://storage.googleapis.com/labelbox-sidewalk-testbed-2025/2025-07-15_14-02-13-899_Ceramic_Clear_BMCC_22.mp4
2025-07-14_14-28-46-144_Roller_Ball_Clear_BMCC_7.mp4,2025,28.333333333333332,Roller_Ball,Clear,BMCC,https://storage.googleapis.com/labelbox-sidewalk-testbed-2025/2025-07-14_14-28-46-144_Roller_Ball_Clear_BMCC_7.mp4
2025-07-16_13-53-49-845_Roller_Ball_Clear_BMCC_16.mp4,2025,18.133333333333333,Roller_Ball,Clear,BMCC,https://storage.googleapis.com/labelbox-sidewalk-testbed-2025/2025-07-16_13-53-49-845_Roller_Ball_Clear_BMCC_16.mp4
2025-07-15_13-54-40-774_Ceramic_Clear_BMCC_26.mp4,2025,18.733333333333334,Ceramic,Clear,BMCC,https://storage.googleapis.com/labelbox-sidewalk-testbed-2025/2025-07-15_13-54-40-774_Ceramic_Clear_BMCC_26.mp4
2025-07-15_14-10-03-709_Ceramic_Clear_BMCC_21.mp4,2025,31.4,Ceramic,Clear,BMCC,https://storage.googleapis.com/labelbox-sidewalk-testbed-2025/2025-07-15_14-10-03-709_Ceramic_Clear_BMCC_21.mp4
2025-07-15_14-01-47-503_Marshmallow_Clear_BMCC_16.mp4,2025,44.53333333333333,Marshmallow,Clear,BMCC,https://storage.googleapis.com/labelbox-sidewalk-testbed-2025/2025-07-15_14-01-47-503_Marshmallow_Clear_BMCC_16.mp4
2025-07-16_13-59-12-257_Roller_Ball_Clear_BMCC_16.mp4,2025,3.6,Roller_Ball,Clear,BMCC,https://storage.googleapis.com/labelbox-sidewalk-testbed-2025/2025-07-16_13-59-12-257_Roller_Ball_Clear_BMCC_16.mp4
2025-07-14_14-42-11-507_Ceramic_Clear_BMCC_25.mp4,2025,250.46666666666667,Ceramic,Clear,BMCC,https://storage.googleapis.com/labelbox-sidewalk-testbed-2025/2025-07-14_14-42-11-507_Ceramic_Clear_BMCC_25.mp4
2025-07-14_14-15-21-051_Ceramic_Clear_BMCC_24.mp4,2025,230.2,Ceramic,Clear,BMCC,https://storage.googleapis.com/labelbox-sidewalk-testbed-2025/2025-07-14_14-15-21-051_Ceramic_Clear_BMCC_24.mp4
2025-07-16_13-54-30-836_Roller_Ball_Clear_BMCC_16.mp4,2025,14.133333333333333,Roller_Ball,Clear,BMCC,https://storage.googleapis.com/labelbox-sidewalk-testbed-2025/2025-07-16_13-54-30-836_Roller_Ball_Clear_BMCC_16.mp4
2025-07-14_14-10-18-979_Roller_Marshmallow_Clear_BMCC_15.mp4,2025,8.4,Roller_Marshmallow,Clear,BMCC,https://storage.googleapis.com/labelbox-sidewalk-testbed-2025/2025-07-14_14-10-18-979_Roller_Marshmallow_Clear_BMCC_15.mp4
2025-07-14_14-52-10-717_Roller_Marshmallow_Clear_BMCC_15.mp4,2025,74.13333333333334,Roller_Marshmallow,Clear,BMCC,https://storage.googleapis.com/labelbox-sidewalk-testbed-2025/2025-07-14_14-52-10-717_Roller_Marshmallow_Clear_BMCC_15.mp4
2025-07-15_13-36-49-143_Ceramic_Clear_BMCC_23.mp4,2025,5.133333333333334,Ceramic,Clear,BMCC,https://storage.googleapis.com/labelbox-sidewalk-testbed-2025/2025-07-15_13-36-49-143_Ceramic_Clear_BMCC_23.mp4
2025-07-16_13-48-42-135_Roller_Ball_Clear_BMCC_16.mp4,2025,29.933333333333334,Roller_Ball,Clear,BMCC,https://storage.googleapis.com/labelbox-sidewalk-testbed-2025/2025-07-16_13-48-42-135_Roller_Ball_Clear_BMCC_16.mp4
2025-07-14_15-18-30-960_Marshmallow_Clear_BMCC_11.mp4,2025,374.1333333333333,Marshmallow,Clear,BMCC,https://storage.googleapis.com/labelbox-sidewalk-testbed-2025/2025-07-14_15-18-30-960_Marshmallow_Clear_BMCC_11.mp4
2025-07-14_14-56-18-868_Metal_Clear_BMCC_45.mp4,2025,8.133333333333333,Metal,Clear,BMCC,https://storage.googleapis.com/labelbox-sidewalk-testbed-2025/2025-07-14_14-56-18-868_Metal_Clear_BMCC_45.mp4
2025-07-14_14-44-44-605_Metal_Clear_BMCC_45.mp4,2025,28.733333333333334,Metal,Clear,BMCC,https://storage.googleapis.com/labelbox-sidewalk-testbed-2025/2025-07-14_14-44-44-605_Metal_Clear_BMCC_45.mp4
2025-07-15_13-53-18-866_Roller_Ball_Clear_BMCC_8.mp4,2025,3.4,Roller_Ball,Clear,BMCC,https://storage.googleapis.com/labelbox-sidewalk-testbed-2025/2025-07-15_13-53-18-866_Roller_Ball_Clear_BMCC_8.mp4
2025-07-10_13-53-09-481_Roller_Marshmallow_Clear_BMCC_15.mp4,2025,126.86666666666666,Roller_Marshmallow,Clear,BMCC,https://storage.googleapis.com/labelbox-sidewalk-testbed-2025/2025-07-10_13-53-09-481_Roller_Marshmallow_Clear_BMCC_15.mp4
2025-07-15_13-53-28-369_Ceramic_Clear_BMCC_26.mp4,2025,16.4,Ceramic,Clear,BMCC,https://storage.googleapis.com/labelbox-sidewalk-testbed-2025/2025-07-15_13-53-28-369_Ceramic_Clear_BMCC_26.mp4
2025-07-16_14-02-44-010_Roller_Ball_Clear_BMCC_16.mp4,2025,6.733333333333333,Roller_Ball,Clear,BMCC,https://storage.googleapis.com/labelbox-sidewalk-testbed-2025/2025-07-16_14-02-44-010_Roller_Ball_Clear_BMCC_16.mp4
2025-07-14_15-10-32-713_Roller_Ball_Clear_BMCC_17.mp4,2025,5.133333333333334,Roller_Ball,Clear,BMCC,https://storage.googleapis.com/labelbox-sidewalk-testbed-2025/2025-07-14_15-10-32-713_Roller_Ball_Clear_BMCC_17.mp4
2025-07-16_14-13-52-235_Roller_Ball_Clear_BMCC_11.mp4,2025,26.6,Roller_Ball,Clear,BMCC,https://storage.googleapis.com/labelbox-sidewalk-testbed-2025/2025-07-16_14-13-52-235_Roller_Ball_Clear_BMCC_11.mp4
2025-07-14_14-57-16-027_Roller_Marshmallow_Clear_BMCC_15.mp4,2025,7.933333333333334,Roller_Marshmallow,Clear,BMCC,https://storage.googleapis.com/labelbox-sidewalk-testbed-2025/2025-07-14_14-57-16-027_Roller_Marshmallow_Clear_BMCC_15.mp4
2025-07-15_13-40-15-595_Roller_Ball_Clear_BMCC_7.mp4,2025,58.4,Roller_Ball,Clear,BMCC,https://storage.googleapis.com/labelbox-sidewalk-testbed-2025/2025-07-15_13-40-15-595_Roller_Ball_Clear_BMCC_7.mp4
2025-07-15_13-56-26-348_Roller_Ball_Clear_BMCC_8.mp4,2025,13.733333333333333,Roller_Ball,Clear,BMCC,https://storage.googleapis.com/labelbox-sidewalk-testbed-2025/2025-07-15_13-56-26-348_Roller_Ball_Clear_BMCC_8.mp4
2025-07-14_15-02-34-025_Metal_Clear_BMCC_45.mp4,2025,17.0,Metal,Clear,BMCC,https://storage.googleapis.com/labelbox-sidewalk-testbed-2025/2025-07-14_15-02-34-025_Metal_Clear_BMCC_45.mp4
2025-07-14_15-07-15-437_Roller_Ball_Clear_BMCC_17.mp4,2025,50.93333333333333,Roller_Ball,Clear,BMCC,https://storage.googleapis.com/labelbox-sidewalk-testbed-2025/2025-07-14_15-07-15-437_Roller_Ball_Clear_BMCC_17.mp4
2025-07-14_14-26-28-767_Roller_Ball_Clear_BMCC_7.mp4,2025,81.4,Roller_Ball,Clear,BMCC,https://storage.googleapis.com/labelbox-sidewalk-testbed-2025/2025-07-14_14-26-28-767_Roller_Ball_Clear_BMCC_7.mp4
2025-07-15_13-37-55-992_Ceramic_Clear_BMCC_23.mp4,2025,21.733333333333334,Ceramic,Clear,BMCC,https://storage.googleapis.com/labelbox-sidewalk-testbed-2025/2025-07-15_13-37-55-992_Ceramic_Clear_BMCC_23.mp4
2025-07-15_13-26-35-975_Roller_Ball_Clear_BMCC_6.mp4,2025,8.533333333333333,Roller_Ball,Clear,BMCC,https://storage.googleapis.com/labelbox-sidewalk-testbed-2025/2025-07-15_13-26-35-975_Roller_Ball_Clear_BMCC_6.mp4
0_2025-02-13_20-11-50.3740_none.mp4,2025,2.75,,,,https://storage.googleapis.com/labelbox-sidewalk-testbed-2025/0_2025-02-13_20-11-50.3740_none.mp4
2025-07-15_13-49-10-204_Marshmallow_Clear_BMCC_16.mp4,2025,207.13333333333333,Marshmallow,Clear,BMCC,https://storage.googleapis.com/labelbox-sidewalk-testbed-2025/2025-07-15_13-49-10-204_Marshmallow_Clear_BMCC_16.mp4
2025-07-10_13-54-49-488_Ceramic_Clear_BMCC_0.mp4,2025,7.733333333333333,Ceramic,Clear,BMCC,https://storage.googleapis.com/labelbox-sidewalk-testbed-2025/2025-07-10_13-54-49-488_Ceramic_Clear_BMCC_0.mp4
0_2025-01-23_6-59-15.7040_none.mp4,2025,1.7083333333333333,,,,https://storage.googleapis.com/labelbox-sidewalk-testbed-2025/0_2025-01-23_6-59-15.7040_none.mp4
2025-07-14_14-31-17-865_Ceramic_Clear_BMCC_20.mp4,2025,133.46666666666667,Ceramic,Clear,BMCC,https://storage.googleapis.com/labelbox-sidewalk-testbed-2025/2025-07-14_14-31-17-865_Ceramic_Clear_BMCC_20.mp4
2025-07-14_14-37-19-330_Roller_Ball_Clear_BMCC_8.mp4,2025,98.13333333333334,Roller_Ball,Clear,BMCC,https://storage.googleapis.com/labelbox-sidewalk-testbed-2025/2025-07-14_14-37-19-330_Roller_Ball_Clear_BMCC_8.mp4
2025-07-15_14-33-42-734_Marshmallow_Clear_BMCC_13.mp4,2025,197.53333333333333,Marshmallow,Clear,BMCC,https://storage.googleapis.com/labelbox-sidewalk-testbed-2025/2025-07-15_14-33-42-734_Marshmallow_Clear_BMCC_13.mp4
2025-07-16_13-52-31-453_Roller_Ball_Clear_BMCC_16.mp4,2025,7.2,Roller_Ball,Clear,BMCC,https://storage.googleapis.com/labelbox-sidewalk-testbed-2025/2025-07-16_13-52-31-453_Roller_Ball_Clear_BMCC_16.mp4
2025-07-10_13-55-43-807_Ceramic_Clear_BMCC_11.mp4,2025,394.1333333333333,Ceramic,Clear,BMCC,https://storage.googleapis.com/labelbox-sidewalk-testbed-2025/2025-07-10_13-55-43-807_Ceramic_Clear_BMCC_11.mp4
2025-07-10_14-03-49-936_Ceramic_Clear_BMCC_11.mp4,2025,362.1333333333333,Ceramic,Clear,BMCC,https://storage.googleapis.com/labelbox-sidewalk-testbed-2025/2025-07-10_14-03-49-936_Ceramic_Clear_BMCC_11.mp4
2025-07-15_13-55-43-477_Marshmallow_Clear_BMCC_16.mp4,2025,227.93333333333334,Marshmallow,Clear,BMCC,https://storage.googleapis.com/labelbox-sidewalk-testbed-2025/2025-07-15_13-55-43-477_Marshmallow_Clear_BMCC_16.mp4
2025-07-15_14-14-25-996_Roller_Ball_Clear_BMCC_10.mp4,2025,35.0,Roller_Ball,Clear,BMCC,https://storage.googleapis.com/labelbox-sidewalk-testbed-2025/2025-07-15_14-14-25-996_Roller_Ball_Clear_BMCC_10.mp4
2025-07-10_13-50-06-376_Roller_Ball_Clear_BMCC_35.mp4,2025,145.4,Roller_Ball,Clear,BMCC,https://storage.googleapis.com/labelbox-sidewalk-testbed-2025/2025-07-10_13-50-06-376_Roller_Ball_Clear_BMCC_35.mp4
2025-07-16_13-58-23-881_Roller_Ball_Clear_BMCC_16.mp4,2025,7.2,Roller_Ball,Clear,BMCC,https://storage.googleapis.com/labelbox-sidewalk-testbed-2025/2025-07-16_13-58-23-881_Roller_Ball_Clear_BMCC_16.mp4
2025-07-15_13-53-38-797_Roller_Ball_Clear_BMCC_8.mp4,2025,10.133333333333333,Roller_Ball,Clear,BMCC,https://storage.googleapis.com/labelbox-sidewalk-testbed-2025/2025-07-15_13-53-38-797_Roller_Ball_Clear_BMCC_8.mp4
2025-07-14_14-34-02-290_Roller_Ball_Clear_BMCC_8.mp4,2025,67.6,Roller_Ball,Clear,BMCC,https://storage.googleapis.com/labelbox-sidewalk-testbed-2025/2025-07-14_14-34-02-290_Roller_Ball_Clear_BMCC_8.mp4
2025-07-16_14-19-23-272_Roller_Ball_Clear_BMCC_11.mp4,2025,71.4,Roller_Ball,Clear,BMCC,https://storage.googleapis.com/labelbox-sidewalk-testbed-2025/2025-07-16_14-19-23-272_Roller_Ball_Clear_BMCC_11.mp4
2025-07-16_14-11-54-429_Roller_Ball_Clear_BMCC_16.mp4,2025,17.6,Roller_Ball,Clear,BMCC,https://storage.googleapis.com/labelbox-sidewalk-testbed-2025/2025-07-16_14-11-54-429_Roller_Ball_Clear_BMCC_16.mp4
2025-07-14_15-04-54-179_Roller_Ball_Clear_BMCC_17.mp4,2025,31.2,Roller_Ball,Clear,BMCC,https://storage.googleapis.com/labelbox-sidewalk-testbed-2025/2025-07-14_15-04-54-179_Roller_Ball_Clear_BMCC_17.mp4
2025-07-15_14-01-46-075_Ceramic_Clear_BMCC_22.mp4,2025,11.133333333333333,Ceramic,Clear,BMCC,https://storage.googleapis.com/labelbox-sidewalk-testbed-2025/2025-07-15_14-01-46-075_Ceramic_Clear_BMCC_22.mp4
2025-07-14_14-25-55-202_Roller_Ball_Clear_BMCC_7.mp4,2025,6.733333333333333,Roller_Ball,Clear,BMCC,https://storage.googleapis.com/labelbox-sidewalk-testbed-2025/2025-07-14_14-25-55-202_Roller_Ball_Clear_BMCC_7.mp4
2025-07-15_13-43-17-021_Ceramic_Clear_BMCC_24.mp4,2025,17.133333333333333,Ceramic,Clear,BMCC,https://storage.googleapis.com/labelbox-sidewalk-testbed-2025/2025-07-15_13-43-17-021_Ceramic_Clear_BMCC_24.mp4
2025-07-10_14-06-08-397_Roller_Ball_Clear_BMCC_32.mp4,2025,335.6,Roller_Ball,Clear,BMCC,https://storage.googleapis.com/labelbox-sidewalk-testbed-2025/2025-07-10_14-06-08-397_Roller_Ball_Clear_BMCC_32.mp4
2025-07-15_14-13-22-972_Roller_Ball_Clear_BMCC_10.mp4,2025,23.733333333333334,Roller_Ball,Clear,BMCC,https://storage.googleapis.com/labelbox-sidewalk-testbed-2025/2025-07-15_14-13-22-972_Roller_Ball_Clear_BMCC_10.mp4
2025-07-15_14-32-56-368_Roller_Ball_Clear_BMCC_18.mp4,2025,190.0,Roller_Ball,Clear,BMCC,https://storage.googleapis.com/labelbox-sidewalk-testbed-2025/2025-07-15_14-32-56-368_Roller_Ball_Clear_BMCC_18.mp4
2025-07-14_15-16-46-011_Metal_Clear_BMCC_45.mp4,2025,34.6,Metal,Clear,BMCC,https://storage.googleapis.com/labelbox-sidewalk-testbed-2025/2025-07-14_15-16-46-011_Metal_Clear_BMCC_45.mp4
2025-07-16_13-50-04-143_Roller_Ball_Clear_BMCC_16.mp4,2025,11.333333333333334,Roller_Ball,Clear,BMCC,https://storage.googleapis.com/labelbox-sidewalk-testbed-2025/2025-07-16_13-50-04-143_Roller_Ball_Clear_BMCC_16.mp4
2025-07-15_13-28-44-500_Roller_Ball_Clear_BMCC_6.mp4,2025,20.133333333333333,Roller_Ball,Clear,BMCC,https://storage.googleapis.com/labelbox-sidewalk-testbed-2025/2025-07-15_13-28-44-500_Roller_Ball_Clear_BMCC_6.mp4
2025-07-10_14-25-38-196_Roller_Ball_Clear_BMCC_29.mp4,2025,170.2,Roller_Ball,Clear,BMCC,https://storage.googleapis.com/labelbox-sidewalk-testbed-2025/2025-07-10_14-25-38-196_Roller_Ball_Clear_BMCC_29.mp4
2025-07-14_14-05-12-476_Ceramic_Clear_BMCC_23.mp4,2025,191.73333333333332,Ceramic,Clear,BMCC,https://storage.googleapis.com/labelbox-sidewalk-testbed-2025/2025-07-14_14-05-12-476_Ceramic_Clear_BMCC_23.mp4
2025-07-10_14-59-59-173_Metal_Clear_Unset_45.mp4,2025,528.6,Metal,Clear,Unset,https://storage.googleapis.com/labelbox-sidewalk-testbed-2025/2025-07-10_14-59-59-173_Metal_Clear_Unset_45.mp4
2025-07-14_14-46-26-718_Roller_Ball_Clear_BMCC_9.mp4,2025,5.533333333333333,Roller_Ball,Clear,BMCC,https://storage.googleapis.com/labelbox-sidewalk-testbed-2025/2025-07-14_14-46-26-718_Roller_Ball_Clear_BMCC_9.mp4
2025-07-14_15-04-15-511_Roller_Ball_Clear_BMCC_17.mp4,2025,31.533333333333335,Roller_Ball,Clear,BMCC,https://storage.googleapis.com/labelbox-sidewalk-testbed-2025/2025-07-14_15-04-15-511_Roller_Ball_Clear_BMCC_17.mp4
2025-07-16_13-59-32-149_Roller_Ball_Clear_BMCC_16.mp4,2025,4.6,Roller_Ball,Clear,BMCC,https://storage.googleapis.com/labelbox-sidewalk-testbed-2025/2025-07-16_13-59-32-149_Roller_Ball_Clear_BMCC_16.mp4
2025-07-15_14-02-45-188_Ceramic_Clear_BMCC_22.mp4,2025,10.6,Ceramic,Clear,BMCC,https://storage.googleapis.com/labelbox-sidewalk-testbed-2025/2025-07-15_14-02-45-188_Ceramic_Clear_BMCC_22.mp4
2025-07-14_14-15-47-634_Roller_Marshmallow_Clear_BMCC_15.mp4,2025,4.8,Roller_Marshmallow,Clear,BMCC,https://storage.googleapis.com/labelbox-sidewalk-testbed-2025/2025-07-14_14-15-47-634_Roller_Marshmallow_Clear_BMCC_15.mp4
2025-07-15_13-36-30-865_Ceramic_Clear_BMCC_23.mp4,2025,11.0,Ceramic,Clear,BMCC,https://storage.googleapis.com/labelbox-sidewalk-testbed-2025/2025-07-15_13-36-30-865_Ceramic_Clear_BMCC_23.mp4
0_2025-01-23_7-02-38.7700_none.mp4,2025,0.4583333333333333,,,,https://storage.googleapis.com/labelbox-sidewalk-testbed-2025/0_2025-01-23_7-02-38.7700_none.mp4
2025-07-15_13-29-33-607_Roller_Ball_Clear_BMCC_6.mp4,2025,35.333333333333336,Roller_Ball,Clear,BMCC,https://storage.googleapis.com/labelbox-sidewalk-testbed-2025/2025-07-15_13-29-33-607_Roller_Ball_Clear_BMCC_6.mp4
2025-07-14_15-04-10-902_Metal_Clear_BMCC_45.mp4,2025,13.4,Metal,Clear,BMCC,https://storage.googleapis.com/labelbox-sidewalk-testbed-2025/2025-07-14_15-04-10-902_Metal_Clear_BMCC_45.mp4
2025-07-16_14-17-06-892_Marshmallow_Clear_BMCC_9.mp4,2025,102.53333333333333,Marshmallow,Clear,BMCC,https://storage.googleapis.com/labelbox-sidewalk-testbed-2025/2025-07-16_14-17-06-892_Marshmallow_Clear_BMCC_9.mp4
2025-07-16_13-59-43-487_Marshmallow_Clear_BMCC_17.mp4,2025,420.2,Marshmallow,Clear,BMCC,https://storage.googleapis.com/labelbox-sidewalk-testbed-2025/2025-07-16_13-59-43-487_Marshmallow_Clear_BMCC_17.mp4
2025-07-15_13-42-35-941_Ceramic_Clear_BMCC_24.mp4,2025,14.533333333333333,Ceramic,Clear,BMCC,https://storage.googleapis.com/labelbox-sidewalk-testbed-2025/2025-07-15_13-42-35-941_Ceramic_Clear_BMCC_24.mp4
2025-07-16_14-11-39-756_Roller_Ball_Clear_BMCC_16.mp4,2025,3.933333333333333,Roller_Ball,Clear,BMCC,https://storage.googleapis.com/labelbox-sidewalk-testbed-2025/2025-07-16_14-11-39-756_Roller_Ball_Clear_BMCC_16.mp4
2025-07-15_14-16-04-978_Roller_Ball_Clear_BMCC_10.mp4,2025,29.333333333333332,Roller_Ball,Clear,BMCC,https://storage.googleapis.com/labelbox-sidewalk-testbed-2025/2025-07-15_14-16-04-978_Roller_Ball_Clear_BMCC_10.mp4
2025-07-14_14-48-37-328_Roller_Ball_Clear_BMCC_9.mp4,2025,95.53333333333333,Roller_Ball,Clear,BMCC,https://storage.googleapis.com/labelbox-sidewalk-testbed-2025/2025-07-14_14-48-37-328_Roller_Ball_Clear_BMCC_9.mp4
2025-07-15_13-50-45-228_Roller_Ball_Clear_BMCC_8.mp4,2025,11.6,Roller_Ball,Clear,BMCC,https://storage.googleapis.com/labelbox-sidewalk-testbed-2025/2025-07-15_13-50-45-228_Roller_Ball_Clear_BMCC_8.mp4
2025-07-14_14-14-34-275_Roller_Marshmallow_Clear_BMCC_15.mp4,2025,22.333333333333332,Roller_Marshmallow,Clear,BMCC,https://storage.googleapis.com/labelbox-sidewalk-testbed-2025/2025-07-14_14-14-34-275_Roller_Marshmallow_Clear_BMCC_15.mp4
2025-07-14_14-30-08-971_Roller_Ball_Clear_BMCC_7.mp4,2025,50.13333333333333,Roller_Ball,Clear,BMCC,https://storage.googleapis.com/labelbox-sidewalk-testbed-2025/2025-07-14_14-30-08-971_Roller_Ball_Clear_BMCC_7.mp4
2025-07-15_14-03-21-865_Roller_Ball_Clear_BMCC_9.mp4,2025,15.333333333333334,Roller_Ball,Clear,BMCC,https://storage.googleapis.com/labelbox-sidewalk-testbed-2025/2025-07-15_14-03-21-865_Roller_Ball_Clear_BMCC_9.mp4
2025-07-15_14-02-46-232_Roller_Ball_Clear_BMCC_9.mp4,2025,26.933333333333334,Roller_Ball,Clear,BMCC,https://storage.googleapis.com/labelbox-sidewalk-testbed-2025/2025-07-15_14-02-46-232_Roller_Ball_Clear_BMCC_9.mp4
2025-07-14_15-14-45-238_Metal_Clear_BMCC_45.mp4,2025,11.133333333333333,Metal,Clear,BMCC,https://storage.googleapis.com/labelbox-sidewalk-testbed-2025/2025-07-14_15-14-45-238_Metal_Clear_BMCC_45.mp4
2025-07-14_14-11-52-352_Ceramic_Clear_BMCC_24.mp4,2025,72.53333333333333,Ceramic,Clear,BMCC,https://storage.googleapis.com/labelbox-sidewalk-testbed-2025/2025-07-14_14-11-52-352_Ceramic_Clear_BMCC_24.mp4
2025-07-14_14-20-07-335_Roller_Ball_Clear_BMCC_6.mp4,2025,55.333333333333336,Roller_Ball,Clear,BMCC,https://storage.googleapis.com/labelbox-sidewalk-testbed-2025/2025-07-14_14-20-07-335_Roller_Ball_Clear_BMCC_6.mp4
2025-07-14_14-52-15-170_Ceramic_Clear_BMCC_20.mp4,2025,36.93333333333333,Ceramic,Clear,BMCC,https://storage.googleapis.com/labelbox-sidewalk-testbed-2025/2025-07-14_14-52-15-170_Ceramic_Clear_BMCC_20.mp4
2025-07-15_13-59-52-213_Marshmallow_Clear_BMCC_16.mp4,2025,17.0,Marshmallow,Clear,BMCC,https://storage.googleapis.com/labelbox-sidewalk-testbed-2025/2025-07-15_13-59-52-213_Marshmallow_Clear_BMCC_16.mp4
0_2025-01-22_15-28-02.9260_none.mp4,2025,17.25,,,,https://storage.googleapis.com/labelbox-sidewalk-testbed-2025/0_2025-01-22_15-28-02.9260_none.mp4
2025-07-15_13-47-07-987_Ceramic_Clear_BMCC_24.mp4,2025,32.0,Ceramic,Clear,BMCC,https://storage.googleapis.com/labelbox-sidewalk-testbed-2025/2025-07-15_13-47-07-987_Ceramic_Clear_BMCC_24.mp4
2025-07-10_13-24-29-261_Metal_Clear_Unset_0.mp4,2025,3.3333333333333335,Metal,Clear,Unset,https://storage.googleapis.com/labelbox-sidewalk-testbed-2025/2025-07-10_13-24-29-261_Metal_Clear_Unset_0.mp4
2025-07-10_13-32-39-059_Metal_Clear_Unset_37.mp4,2025,431.93333333333334,Metal,Clear,Unset,https://storage.googleapis.com/labelbox-sidewalk-testbed-2025/2025-07-10_13-32-39-059_Metal_Clear_Unset_37.mp4
2025-07-10_14-32-26-657_Metal_Clear_Unset_43.mp4,2025,389.93333333333334,Metal,Clear,Unset,https://storage.googleapis.com/labelbox-sidewalk-testbed-2025/2025-07-10_14-32-26-657_Metal_Clear_Unset_43.mp4
2025-07-10_13-43-55-969_Marshmallow_Clear_BMCC_18.mp4,2025,412.4,Marshmallow,Clear,BMCC,https://storage.googleapis.com/labelbox-sidewalk-testbed-2025/2025-07-10_13-43-55-969_Marshmallow_Clear_BMCC_18.mp4
2025-07-15_14-03-32-240_Ceramic_Clear_BMCC_22.mp4,2025,11.4,Ceramic,Clear,BMCC,https://storage.googleapis.com/labelbox-sidewalk-testbed-2025/2025-07-15_14-03-32-240_Ceramic_Clear_BMCC_22.mp4
2025-07-15_14-19-09-519_Roller_Ball_Clear_BMCC_10.mp4,2025,120.4,Roller_Ball,Clear,BMCC,https://storage.googleapis.com/labelbox-sidewalk-testbed-2025/2025-07-15_14-19-09-519_Roller_Ball_Clear_BMCC_10.mp4
2025-07-14_14-21-46-851_Ceramic_Clear_BMCC_19.mp4,2025,299.93333333333334,Ceramic,Clear,BMCC,https://storage.googleapis.com/labelbox-sidewalk-testbed-2025/2025-07-14_14-21-46-851_Ceramic_Clear_BMCC_19.mp4
2025-07-15_14-25-17-579_Roller_Ball_Clear_BMCC_5.mp4,2025,36.93333333333333,Roller_Ball,Clear,BMCC,https://storage.googleapis.com/labelbox-sidewalk-testbed-2025/2025-07-15_14-25-17-579_Roller_Ball_Clear_BMCC_5.mp4
0_2025-01-22_15-59-11.9200_none.mp4,2025,1.4583333333333333,,,,https://storage.googleapis.com/labelbox-sidewalk-testbed-2025/0_2025-01-22_15-59-11.9200_none.mp4
2025-07-16_14-08-55-116_Roller_Ball_Clear_BMCC_16.mp4,2025,7.133333333333334,Roller_Ball,Clear,BMCC,https://storage.googleapis.com/labelbox-sidewalk-testbed-2025/2025-07-16_14-08-55-116_Roller_Ball_Clear_BMCC_16.mp4
2025-07-16_14-00-52-348_Roller_Ball_Clear_BMCC_16.mp4,2025,4.533333333333333,Roller_Ball,Clear,BMCC,https://storage.googleapis.com/labelbox-sidewalk-testbed-2025/2025-07-16_14-00-52-348_Roller_Ball_Clear_BMCC_16.mp4
2025-07-15_14-06-10-300_Marshmallow_Clear_BMCC_15.mp4,2025,529.5333333333333,Marshmallow,Clear,BMCC,https://storage.googleapis.com/labelbox-sidewalk-testbed-2025/2025-07-15_14-06-10-300_Marshmallow_Clear_BMCC_15.mp4
2025-07-10_14-53-11-551_Metal_Clear_Unset_46.mp4,2025,339.3333333333333,Metal,Clear,Unset,https://storage.googleapis.com/labelbox-sidewalk-testbed-2025/2025-07-10_14-53-11-551_Metal_Clear_Unset_46.mp4
2025-07-14_14-11-23-782_Ceramic_Clear_BMCC_24.mp4,2025,14.8,Ceramic,Clear,BMCC,https://storage.googleapis.com/labelbox-sidewalk-testbed-2025/2025-07-14_14-11-23-782_Ceramic_Clear_BMCC_24.mp4
2025-07-15_14-05-51-979_Ceramic_Clear_BMCC_22.mp4,2025,17.733333333333334,Ceramic,Clear,BMCC,https://storage.googleapis.com/labelbox-sidewalk-testbed-2025/2025-07-15_14-05-51-979_Ceramic_Clear_BMCC_22.mp4
2025-07-15_13-55-00-780_Roller_Ball_Clear_BMCC_8.mp4,2025,15.8,Roller_Ball,Clear,BMCC,https://storage.googleapis.com/labelbox-sidewalk-testbed-2025/2025-07-15_13-55-00-780_Roller_Ball_Clear_BMCC_8.mp4
2025-07-16_13-50-16-043_Marshmallow_Clear_BMCC_18.mp4,2025,446.1333333333333,Marshmallow,Clear,BMCC,https://storage.googleapis.com/labelbox-sidewalk-testbed-2025/2025-07-16_13-50-16-043_Marshmallow_Clear_BMCC_18.mp4
2025-07-10_14-11-02-510_Metal_Clear_Unset_41.mp4,2025,453.73333333333335,Metal,Clear,Unset,https://storage.googleapis.com/labelbox-sidewalk-testbed-2025/2025-07-10_14-11-02-510_Metal_Clear_Unset_41.mp4
2025-07-10_14-42-48-867_Roller_Marshmallow_Clear_BMCC_15.mp4,2025,7.533333333333333,Roller_Marshmallow,Clear,BMCC,https://storage.googleapis.com/labelbox-sidewalk-testbed-2025/2025-07-10_14-42-48-867_Roller_Marshmallow_Clear_BMCC_15.mp4
2025-07-16_13-52-49-858_Roller_Ball_Clear_BMCC_16.mp4,2025,8.133333333333333,Roller_Ball,Clear,BMCC,https://storage.googleapis.com/labelbox-sidewalk-testbed-2025/2025-07-16_13-52-49-858_Roller_Ball_Clear_BMCC_16.mp4
2025-07-15_14-11-50-346_Roller_Ball_Clear_BMCC_10.mp4,2025,19.933333333333334,Roller_Ball,Clear,BMCC,https://storage.googleapis.com/labelbox-sidewalk-testbed-2025/2025-07-15_14-11-50-346_Roller_Ball_Clear_BMCC_10.mp4
2025-07-16_14-18-56-074_Marshmallow_Clear_BMCC_9.mp4,2025,276.1333333333333,Marshmallow,Clear,BMCC,https://storage.googleapis.com/labelbox-sidewalk-testbed-2025/2025-07-16_14-18-56-074_Marshmallow_Clear_BMCC_9.mp4
2025-07-15_13-25-30-870_Ceramic_Clear_BMCC_23.mp4,2025,10.533333333333333,Ceramic,Clear,BMCC,https://storage.googleapis.com/labelbox-sidewalk-testbed-2025/2025-07-15_13-25-30-870_Ceramic_Clear_BMCC_23.mp4
2025-07-14_14-15-29-621_Roller_Marshmallow_Clear_BMCC_15.mp4,2025,6.2,Roller_Marshmallow,Clear,BMCC,https://storage.googleapis.com/labelbox-sidewalk-testbed-2025/2025-07-14_14-15-29-621_Roller_Marshmallow_Clear_BMCC_15.mp4
2025-07-16_14-01-07-424_Roller_Ball_Clear_BMCC_16.mp4,2025,7.533333333333333,Roller_Ball,Clear,BMCC,https://storage.googleapis.com/labelbox-sidewalk-testbed-2025/2025-07-16_14-01-07-424_Roller_Ball_Clear_BMCC_16.mp4
0_2025-01-22_15-22-09.8270_none.mp4,2025,3.5,,,,https://storage.googleapis.com/labelbox-sidewalk-testbed-2025/0_2025-01-22_15-22-09.8270_none.mp4
2025-07-14_15-02-03-890_Marshmallow_Clear_BMCC_13.mp4,2025,427.26666666666665,Marshmallow,Clear,BMCC,https://storage.googleapis.com/labelbox-sidewalk-testbed-2025/2025-07-14_15-02-03-890_Marshmallow_Clear_BMCC_13.mp4
2025-07-14_15-03-53-924_Metal_Clear_BMCC_45.mp4,2025,6.333333333333333,Metal,Clear,BMCC,https://storage.googleapis.com/labelbox-sidewalk-testbed-2025/2025-07-14_15-03-53-924_Metal_Clear_BMCC_45.mp4
2025-07-10_14-20-07-670_Ceramic_Clear_BMCC_14.mp4,2025,400.26666666666665,Ceramic,Clear,BMCC,https://storage.googleapis.com/labelbox-sidewalk-testbed-2025/2025-07-10_14-20-07-670_Ceramic_Clear_BMCC_14.mp4
2025-07-15_13-45-04-560_Roller_Ball_Clear_BMCC_7.mp4,2025,8.533333333333333,Roller_Ball,Clear,BMCC,https://storage.googleapis.com/labelbox-sidewalk-testbed-2025/2025-07-15_13-45-04-560_Roller_Ball_Clear_BMCC_7.mp4
2025-07-15_13-41-46-384_Roller_Ball_Clear_BMCC_7.mp4,2025,3.933333333333333,Roller_Ball,Clear,BMCC,https://storage.googleapis.com/labelbox-sidewalk-testbed-2025/2025-07-15_13-41-46-384_Roller_Ball_Clear_BMCC_7.mp4
2025-07-14_15-02-16-953_Ceramic_Clear_BMCC_27.mp4,2025,12.933333333333334,Ceramic,Clear,BMCC,https://storage.googleapis.com/labelbox-sidewalk-testbed-2025/2025-07-14_15-02-16-953_Ceramic_Clear_BMCC_27.mp4
2025-07-16_14-16-40-330_Roller_Ball_Clear_BMCC_11.mp4,2025,70.6,Roller_Ball,Clear,BMCC,https://storage.googleapis.com/labelbox-sidewalk-testbed-2025/2025-07-16_14-16-40-330_Roller_Ball_Clear_BMCC_11.mp4
2025-07-14_15-04-01-321_Roller_Ball_Clear_BMCC_17.mp4,2025,5.933333333333334,Roller_Ball,Clear,BMCC,https://storage.googleapis.com/labelbox-sidewalk-testbed-2025/2025-07-14_15-04-01-321_Roller_Ball_Clear_BMCC_17.mp4
2025-07-10_13-10-52-402_Roller_Marshmallow_Clear_Unset_0.mp4,2025,2.0,Roller_Marshmallow,Clear,Unset,https://storage.googleapis.com/labelbox-sidewalk-testbed-2025/2025-07-10_13-10-52-402_Roller_Marshmallow_Clear_Unset_0.mp4
2025-07-10_13-47-52-753_Roller_Marshmallow_Clear_BMCC_15.mp4,2025,3.4,Roller_Marshmallow,Clear,BMCC,https://storage.googleapis.com/labelbox-sidewalk-testbed-2025/2025-07-10_13-47-52-753_Roller_Marshmallow_Clear_BMCC_15.mp4
2025-07-16_14-08-46-657_Marshmallow_Clear_BMCC_10.mp4,2025,379.73333333333335,Marshmallow,Clear,BMCC,https://storage.googleapis.com/labelbox-sidewalk-testbed-2025/2025-07-16_14-08-46-657_Marshmallow_Clear_BMCC_10.mp4
2025-07-14_15-08-13-574_Roller_Ball_Clear_BMCC_17.mp4,2025,6.533333333333333,Roller_Ball,Clear,BMCC,https://storage.googleapis.com/labelbox-sidewalk-testbed-2025/2025-07-14_15-08-13-574_Roller_Ball_Clear_BMCC_17.mp4
2025-07-16_14-02-16-633_Roller_Ball_Clear_BMCC_16.mp4,2025,16.133333333333333,Roller_Ball,Clear,BMCC,https://storage.googleapis.com/labelbox-sidewalk-testbed-2025/2025-07-16_14-02-16-633_Roller_Ball_Clear_BMCC_16.mp4
2025-07-14_15-28-28-964_Metal_Clear_BMCC_45.mp4,2025,25.0,Metal,Clear,BMCC,https://storage.googleapis.com/labelbox-sidewalk-testbed-2025/2025-07-14_15-28-28-964_Metal_Clear_BMCC_45.mp4
2025-07-15_13-40-27-066_Marshmallow_Clear_BMCC_16.mp4,2025,515.8666666666667,Marshmallow,Clear,BMCC,https://storage.googleapis.com/labelbox-sidewalk-testbed-2025/2025-07-15_13-40-27-066_Marshmallow_Clear_BMCC_16.mp4
2025-07-14_14-18-00-790_Roller_Ball_Clear_BMCC_6.mp4,2025,115.93333333333334,Roller_Ball,Clear,BMCC,https://storage.googleapis.com/labelbox-sidewalk-testbed-2025/2025-07-14_14-18-00-790_Roller_Ball_Clear_BMCC_6.mp4
2025-07-10_13-53-14-731_Roller_Ball_Clear_BMCC_34.mp4,2025,240.4,Roller_Ball,Clear,BMCC,https://storage.googleapis.com/labelbox-sidewalk-testbed-2025/2025-07-10_13-53-14-731_Roller_Ball_Clear_BMCC_34.mp4
2025-07-15_14-07-24-123_Roller_Ball_Clear_BMCC_9.mp4,2025,38.13333333333333,Roller_Ball,Clear,BMCC,https://storage.googleapis.com/labelbox-sidewalk-testbed-2025/2025-07-15_14-07-24-123_Roller_Ball_Clear_BMCC_9.mp4
2025-07-10_14-20-59-234_Metal_Clear_Unset_42.mp4,2025,472.73333333333335,Metal,Clear,Unset,https://storage.googleapis.com/labelbox-sidewalk-testbed-2025/2025-07-10_14-20-59-234_Metal_Clear_Unset_42.mp4
2025-07-14_14-51-12-789_Roller_Ball_Clear_BMCC_10.mp4,2025,141.73333333333332,Roller_Ball,Clear,BMCC,https://storage.googleapis.com/labelbox-sidewalk-testbed-2025/2025-07-14_14-51-12-789_Roller_Ball_Clear_BMCC_10.mp4
2025-07-15_13-59-28-010_Roller_Ball_Clear_BMCC_8.mp4,2025,18.133333333333333,Roller_Ball,Clear,BMCC,https://storage.googleapis.com/labelbox-sidewalk-testbed-2025/2025-07-15_13-59-28-010_Roller_Ball_Clear_BMCC_8.mp4
2025-07-15_14-05-34-623_Ceramic_Clear_BMCC_22.mp4,2025,6.2,Ceramic,Clear,BMCC,https://storage.googleapis.com/labelbox-sidewalk-testbed-2025/2025-07-15_14-05-34-623_Ceramic_Clear_BMCC_22.mp4
2025-07-16_14-20-45-867_Roller_Ball_Clear_BMCC_11.mp4,2025,22.933333333333334,Roller_Ball,Clear,BMCC,https://storage.googleapis.com/labelbox-sidewalk-testbed-2025/2025-07-16_14-20-45-867_Roller_Ball_Clear_BMCC_11.mp4
2025-07-15_13-28-53-831_Ceramic_Clear_BMCC_23.mp4,2025,8.733333333333333,Ceramic,Clear,BMCC,https://storage.googleapis.com/labelbox-sidewalk-testbed-2025/2025-07-15_13-28-53-831_Ceramic_Clear_BMCC_23.mp4
2025-07-15_13-55-41-209_Roller_Ball_Clear_BMCC_8.mp4,2025,10.733333333333333,Roller_Ball,Clear,BMCC,https://storage.googleapis.com/labelbox-sidewalk-testbed-2025/2025-07-15_13-55-41-209_Roller_Ball_Clear_BMCC_8.mp4
2025-07-10_14-33-26-897_Marshmallow_Clear_BMCC_18.mp4,2025,174.33333333333334,Marshmallow,Clear,BMCC,https://storage.googleapis.com/labelbox-sidewalk-testbed-2025/2025-07-10_14-33-26-897_Marshmallow_Clear_BMCC_18.mp4
2025-07-10_14-27-54-212_Marshmallow_Clear_BMCC_18.mp4,2025,62.8,Marshmallow,Clear,BMCC,https://storage.googleapis.com/labelbox-sidewalk-testbed-2025/2025-07-10_14-27-54-212_Marshmallow_Clear_BMCC_18.mp4
2025-07-15_13-54-12-617_Ceramic_Clear_BMCC_26.mp4,2025,11.8,Ceramic,Clear,BMCC,https://storage.googleapis.com/labelbox-sidewalk-testbed-2025/2025-07-15_13-54-12-617_Ceramic_Clear_BMCC_26.mp4
2025-07-15_13-46-57-401_Roller_Ball_Clear_BMCC_7.mp4,2025,121.33333333333333,Roller_Ball,Clear,BMCC,https://storage.googleapis.com/labelbox-sidewalk-testbed-2025/2025-07-15_13-46-57-401_Roller_Ball_Clear_BMCC_7.mp4
2025-07-16_14-06-43-900_Roller_Ball_Clear_BMCC_16.mp4,2025,11.533333333333333,Roller_Ball,Clear,BMCC,https://storage.googleapis.com/labelbox-sidewalk-testbed-2025/2025-07-16_14-06-43-900_Roller_Ball_Clear_BMCC_16.mp4
0_2025-01-23_8-26-05.4990_none.mp4,2025,0.4583333333333333,,,,https://storage.googleapis.com/labelbox-sidewalk-testbed-2025/0_2025-01-23_8-26-05.4990_none.mp4
2025-07-15_13-24-46-776_Roller_Ball_Clear_BMCC_6.mp4,2025,33.4,Roller_Ball,Clear,BMCC,https://storage.googleapis.com/labelbox-sidewalk-testbed-2025/2025-07-15_13-24-46-776_Roller_Ball_Clear_BMCC_6.mp4
2025-07-16_14-10-14-847_Roller_Ball_Clear_BMCC_16.mp4,2025,17.733333333333334,Roller_Ball,Clear,BMCC,https://storage.googleapis.com/labelbox-sidewalk-testbed-2025/2025-07-16_14-10-14-847_Roller_Ball_Clear_BMCC_16.mp4
2025-07-16_13-56-31-795_Roller_Ball_Clear_BMCC_16.mp4,2025,21.6,Roller_Ball,Clear,BMCC,https://storage.googleapis.com/labelbox-sidewalk-testbed-2025/2025-07-16_13-56-31-795_Roller_Ball_Clear_BMCC_16.mp4
2025-07-16_14-09-20-220_Roller_Ball_Clear_BMCC_16.mp4,2025,46.93333333333333,Roller_Ball,Clear,BMCC,https://storage.googleapis.com/labelbox-sidewalk-testbed-2025/2025-07-16_14-09-20-220_Roller_Ball_Clear_BMCC_16.mp4
2025-07-16_14-03-52-652_Roller_Ball_Clear_BMCC_16.mp4,2025,8.933333333333334,Roller_Ball,Clear,BMCC,https://storage.googleapis.com/labelbox-sidewalk-testbed-2025/2025-07-16_14-03-52-652_Roller_Ball_Clear_BMCC_16.mp4
2025-07-14_14-49-22-674_Metal_Clear_BMCC_45.mp4,2025,5.533333333333333,Metal,Clear,BMCC,https://storage.googleapis.com/labelbox-sidewalk-testbed-2025/2025-07-14_14-49-22-674_Metal_Clear_BMCC_45.mp4
2025-07-14_15-15-54-159_Metal_Clear_BMCC_45.mp4,2025,24.933333333333334,Metal,Clear,BMCC,https://storage.googleapis.com/labelbox-sidewalk-testbed-2025/2025-07-14_15-15-54-159_Metal_Clear_BMCC_45.mp4
2025-07-15_13-57-46-664_Roller_Ball_Clear_BMCC_8.mp4,2025,83.0,Roller_Ball,Clear,BMCC,https://storage.googleapis.com/labelbox-sidewalk-testbed-2025/2025-07-15_13-57-46-664_Roller_Ball_Clear_BMCC_8.mp4
2025-07-15_14-25-10-356_Marshmallow_Clear_BMCC_14.mp4,2025,99.06666666666666,Marshmallow,Clear,BMCC,https://storage.googleapis.com/labelbox-sidewalk-testbed-2025/2025-07-15_14-25-10-356_Marshmallow_Clear_BMCC_14.mp4
2025-07-14_14-21-21-936_Roller_Marshmallow_Clear_BMCC_15.mp4,2025,7.4,Roller_Marshmallow,Clear,BMCC,https://storage.googleapis.com/labelbox-sidewalk-testbed-2025/2025-07-14_14-21-21-936_Roller_Marshmallow_Clear_BMCC_15.mp4
2025-07-10_13-53-24-695_Metal_Clear_Unset_39.mp4,2025,214.2,Metal,Clear,Unset,https://storage.googleapis.com/labelbox-sidewalk-testbed-2025/2025-07-10_13-53-24-695_Metal_Clear_Unset_39.mp4
2025-07-15_13-25-57-563_Ceramic_Clear_BMCC_23.mp4,2025,124.6,Ceramic,Clear,BMCC,https://storage.googleapis.com/labelbox-sidewalk-testbed-2025/2025-07-15_13-25-57-563_Ceramic_Clear_BMCC_23.mp4
2025-07-15_14-06-58-416_Roller_Ball_Clear_BMCC_9.mp4,2025,10.133333333333333,Roller_Ball,Clear,BMCC,https://storage.googleapis.com/labelbox-sidewalk-testbed-2025/2025-07-15_14-06-58-416_Roller_Ball_Clear_BMCC_9.mp4
2025-07-10_13-51-42-116_Marshmallow_Clear_BMCC_18.mp4,2025,301.0,Marshmallow,Clear,BMCC,https://storage.googleapis.com/labelbox-sidewalk-testbed-2025/2025-07-10_13-51-42-116_Marshmallow_Clear_BMCC_18.mp4
2025-07-16_13-48-16-929_Roller_Ball_Clear_BMCC_16.mp4,2025,14.733333333333333,Roller_Ball,Clear,BMCC,https://storage.googleapis.com/labelbox-sidewalk-testbed-2025/2025-07-16_13-48-16-929_Roller_Ball_Clear_BMCC_16.mp4
2025-07-15_13-56-58-457_Roller_Ball_Clear_BMCC_8.mp4,2025,5.333333333333333,Roller_Ball,Clear,BMCC,https://storage.googleapis.com/labelbox-sidewalk-testbed-2025/2025-07-15_13-56-58-457_Roller_Ball_Clear_BMCC_8.mp4
0_2025-01-23_8-07-46.1420_none.mp4,2025,0.7083333333333334,,,,https://storage.googleapis.com/labelbox-sidewalk-testbed-2025/0_2025-01-23_8-07-46.1420_none.mp4
2025-07-14_15-08-28-838_Roller_Ball_Clear_BMCC_17.mp4,2025,3.8,Roller_Ball,Clear,BMCC,https://storage.googleapis.com/labelbox-sidewalk-testbed-2025/2025-07-14_15-08-28-838_Roller_Ball_Clear_BMCC_17.mp4
0_2025-01-23_7-02-30.4660_none.mp4,2025,0.4166666666666667,,,,https://storage.googleapis.com/labelbox-sidewalk-testbed-2025/0_2025-01-23_7-02-30.4660_none.mp4
2025-07-14_14-50-43-758_Metal_Clear_BMCC_45.mp4,2025,78.0,Metal,Clear,BMCC,https://storage.googleapis.com/labelbox-sidewalk-testbed-2025/2025-07-14_14-50-43-758_Metal_Clear_BMCC_45.mp4
0_2025-01-22_16-06-36.4740_none.mp4,2025,0.5,,,,https://storage.googleapis.com/labelbox-sidewalk-testbed-2025/0_2025-01-22_16-06-36.4740_none.mp4
2025-07-14_14-40-20-978_Roller_Marshmallow_Clear_BMCC_15.mp4,2025,38.93333333333333,Roller_Marshmallow,Clear,BMCC,https://storage.googleapis.com/labelbox-sidewalk-testbed-2025/2025-07-14_14-40-20-978_Roller_Marshmallow_Clear_BMCC_15.mp4
2025-07-14_14-42-59-856_Metal_Clear_BMCC_45.mp4,2025,4.6,Metal,Clear,BMCC,https://storage.googleapis.com/labelbox-sidewalk-testbed-2025/2025-07-14_14-42-59-856_Metal_Clear_BMCC_45.mp4
2025-07-14_15-00-31-037_Ceramic_Clear_BMCC_27.mp4,2025,95.06666666666666,Ceramic,Clear,BMCC,https://storage.googleapis.com/labelbox-sidewalk-testbed-2025/2025-07-14_15-00-31-037_Ceramic_Clear_BMCC_27.mp4
2025-07-14_14-53-33-600_Roller_Marshmallow_Clear_BMCC_15.mp4,2025,212.93333333333334,Roller_Marshmallow,Clear,BMCC,https://storage.googleapis.com/labelbox-sidewalk-testbed-2025/2025-07-14_14-53-33-600_Roller_Marshmallow_Clear_BMCC_15.mp4
2025-07-15_13-56-00-600_Ceramic_Clear_BMCC_27.mp4,2025,30.2,Ceramic,Clear,BMCC,https://storage.googleapis.com/labelbox-sidewalk-testbed-2025/2025-07-15_13-56-00-600_Ceramic_Clear_BMCC_27.mp4
2025-07-14_15-10-19-792_Roller_Ball_Clear_BMCC_17.mp4,2025,4.733333333333333,Roller_Ball,Clear,BMCC,https://storage.googleapis.com/labelbox-sidewalk-testbed-2025/2025-07-14_15-10-19-792_Roller_Ball_Clear_BMCC_17.mp4
2025-07-15_13-37-04-369_Ceramic_Clear_BMCC_23.mp4,2025,40.733333333333334,Ceramic,Clear,BMCC,https://storage.googleapis.com/labelbox-sidewalk-testbed-2025/2025-07-15_13-37-04-369_Ceramic_Clear_BMCC_23.mp4
2025-07-10_13-35-05-650_Roller_Marshmallow_Clear_BMCC_15.mp4,2025,7.533333333333333,Roller_Marshmallow,Clear,BMCC,https://storage.googleapis.com/labelbox-sidewalk-testbed-2025/2025-07-10_13-35-05-650_Roller_Marshmallow_Clear_BMCC_15.mp4
2025-07-15_14-00-43-976_Ceramic_Clear_BMCC_22.mp4,2025,4.133333333333334,Ceramic,Clear,BMCC,https://storage.googleapis.com/labelbox-sidewalk-testbed-2025/2025-07-15_14-00-43-976_Ceramic_Clear_BMCC_22.mp4
2025-07-16_13-50-26-757_Roller_Ball_Clear_BMCC_16.mp4,2025,10.133333333333333,Roller_Ball,Clear,BMCC,https://storage.googleapis.com/labelbox-sidewalk-testbed-2025/2025-07-16_13-50-26-757_Roller_Ball_Clear_BMCC_16.mp4
2025-07-15_14-04-12-291_Ceramic_Clear_BMCC_22.mp4,2025,74.2,Ceramic,Clear,BMCC,https://storage.googleapis.com/labelbox-sidewalk-testbed-2025/2025-07-15_14-04-12-291_Ceramic_Clear_BMCC_22.mp4
2025-07-16_13-51-11-652_Roller_Ball_Clear_BMCC_16.mp4,2025,51.0,Roller_Ball,Clear,BMCC,https://storage.googleapis.com/labelbox-sidewalk-testbed-2025/2025-07-16_13-51-11-652_Roller_Ball_Clear_BMCC_16.mp4
2025-07-15_13-51-04-745_Ceramic_Clear_BMCC_25.mp4,2025,8.933333333333334,Ceramic,Clear,BMCC,https://storage.googleapis.com/labelbox-sidewalk-testbed-2025/2025-07-15_13-51-04-745_Ceramic_Clear_BMCC_25.mp4
2025-07-15_13-30-22-426_Roller_Ball_Clear_BMCC_6.mp4,2025,13.4,Roller_Ball,Clear,BMCC,https://storage.googleapis.com/labelbox-sidewalk-testbed-2025/2025-07-15_13-30-22-426_Roller_Ball_Clear_BMCC_6.mp4
2025-07-14_14-56-35-455_Metal_Clear_BMCC_45.mp4,2025,8.933333333333334,Metal,Clear,BMCC,https://storage.googleapis.com/labelbox-sidewalk-testbed-2025/2025-07-14_14-56-35-455_Metal_Clear_BMCC_45.mp4
2025-07-15_14-04-31-269_Roller_Ball_Clear_BMCC_9.mp4,2025,31.2,Roller_Ball,Clear,BMCC,https://storage.googleapis.com/labelbox-sidewalk-testbed-2025/2025-07-15_14-04-31-269_Roller_Ball_Clear_BMCC_9.mp4
2025-07-16_13-54-58-839_Roller_Ball_Clear_BMCC_16.mp4,2025,8.333333333333334,Roller_Ball,Clear,BMCC,https://storage.googleapis.com/labelbox-sidewalk-testbed-2025/2025-07-16_13-54-58-839_Roller_Ball_Clear_BMCC_16.mp4
2025-07-14_14-29-19-070_Ceramic_Clear_BMCC_20.mp4,2025,105.13333333333334,Ceramic,Clear,BMCC,https://storage.googleapis.com/labelbox-sidewalk-testbed-2025/2025-07-14_14-29-19-070_Ceramic_Clear_BMCC_20.mp4
2025-07-16_13-52-19-272_Roller_Ball_Clear_BMCC_16.mp4,2025,3.0,Roller_Ball,Clear,BMCC,https://storage.googleapis.com/labelbox-sidewalk-testbed-2025/2025-07-16_13-52-19-272_Roller_Ball_Clear_BMCC_16.mp4
2025-07-14_14-50-30-351_Ceramic_Clear_BMCC_20.mp4,2025,4.133333333333334,Ceramic,Clear,BMCC,https://storage.googleapis.com/labelbox-sidewalk-testbed-2025/2025-07-14_14-50-30-351_Ceramic_Clear_BMCC_20.mp4
2025-07-14_15-05-49-979_Roller_Ball_Clear_BMCC_17.mp4,2025,76.73333333333333,Roller_Ball,Clear,BMCC,https://storage.googleapis.com/labelbox-sidewalk-testbed-2025/2025-07-14_15-05-49-979_Roller_Ball_Clear_BMCC_17.mp4
2025-07-14_14-51-41-361_Ceramic_Clear_BMCC_20.mp4,2025,16.4,Ceramic,Clear,BMCC,https://storage.googleapis.com/labelbox-sidewalk-testbed-2025/2025-07-14_14-51-41-361_Ceramic_Clear_BMCC_20.mp4
2025-07-14_14-29-51-479_Roller_Ball_Clear_BMCC_7.mp4,2025,8.133333333333333,Roller_Ball,Clear,BMCC,https://storage.googleapis.com/labelbox-sidewalk-testbed-2025/2025-07-14_14-29-51-479_Roller_Ball_Clear_BMCC_7.mp4
2025-07-15_13-33-46-373_Ceramic_Clear_BMCC_23.mp4,2025,19.933333333333334,Ceramic,Clear,BMCC,https://storage.googleapis.com/labelbox-sidewalk-testbed-2025/2025-07-15_13-33-46-373_Ceramic_Clear_BMCC_23.mp4
2025-07-15_13-30-49-822_Ceramic_Clear_BMCC_23.mp4,2025,5.733333333333333,Ceramic,Clear,BMCC,https://storage.googleapis.com/labelbox-sidewalk-testbed-2025/2025-07-15_13-30-49-822_Ceramic_Clear_BMCC_23.mp4
2025-07-16_14-21-18-851_Roller_Ball_Clear_BMCC_11.mp4,2025,33.13333333333333,Roller_Ball,Clear,BMCC,https://storage.googleapis.com/labelbox-sidewalk-testbed-2025/2025-07-16_14-21-18-851_Roller_Ball_Clear_BMCC_11.mp4
2025-07-15_14-05-34-888_Marshmallow_Clear_BMCC_15.mp4,2025,24.933333333333334,Marshmallow,Clear,BMCC,https://storage.googleapis.com/labelbox-sidewalk-testbed-2025/2025-07-15_14-05-34-888_Marshmallow_Clear_BMCC_15.mp4
2025-07-14_14-44-04-814_Roller_Ball_Clear_BMCC_9.mp4,2025,128.93333333333334,Roller_Ball,Clear,BMCC,https://storage.googleapis.com/labelbox-sidewalk-testbed-2025/2025-07-14_14-44-04-814_Roller_Ball_Clear_BMCC_9.mp4
2025-07-16_13-49-51-941_Roller_Ball_Clear_BMCC_16.mp4,2025,3.933333333333333,Roller_Ball,Clear,BMCC,https://storage.googleapis.com/labelbox-sidewalk-testbed-2025/2025-07-16_13-49-51-941_Roller_Ball_Clear_BMCC_16.mp4
2025-07-15_13-43-22-535_Roller_Ball_Clear_BMCC_7.mp4,2025,43.93333333333333,Roller_Ball,Clear,BMCC,https://storage.googleapis.com/labelbox-sidewalk-testbed-2025/2025-07-15_13-43-22-535_Roller_Ball_Clear_BMCC_7.mp4
2025-07-10_14-22-27-142_Roller_Marshmallow_Clear_BMCC_15.mp4,2025,157.0,Roller_Marshmallow,Clear,BMCC,https://storage.googleapis.com/labelbox-sidewalk-testbed-2025/2025-07-10_14-22-27-142_Roller_Marshmallow_Clear_BMCC_15.mp4
2025-07-14_14-31-12-801_Roller_Ball_Clear_BMCC_7.mp4,2025,75.53333333333333,Roller_Ball,Clear,BMCC,https://storage.googleapis.com/labelbox-sidewalk-testbed-2025/2025-07-14_14-31-12-801_Roller_Ball_Clear_BMCC_7.mp4
2025-07-16_13-54-17-554_Roller_Ball_Clear_BMCC_16.mp4,2025,2.933333333333333,Roller_Ball,Clear,BMCC,https://storage.googleapis.com/labelbox-sidewalk-testbed-2025/2025-07-16_13-54-17-554_Roller_Ball_Clear_BMCC_16.mp4
2025-07-15_13-49-09-051_Roller_Ball_Clear_BMCC_7.mp4,2025,18.533333333333335,Roller_Ball,Clear,BMCC,https://storage.googleapis.com/labelbox-sidewalk-testbed-2025/2025-07-15_13-49-09-051_Roller_Ball_Clear_BMCC_7.mp4
2025-07-09_11-57-06-146_Roller_Marshmallow_Clear.mp4,2025,5.916666666666667,,,,https://storage.googleapis.com/labelbox-sidewalk-testbed-2025/2025-07-09_11-57-06-146_Roller_Marshmallow_Clear.mp4
2025-07-14_14-21-39-296_Roller_Marshmallow_Clear_BMCC_15.mp4,2025,6.733333333333333,Roller_Marshmallow,Clear,BMCC,https://storage.googleapis.com/labelbox-sidewalk-testbed-2025/2025-07-14_14-21-39-296_Roller_Marshmallow_Clear_BMCC_15.mp4
2025-07-10_14-20-01-486_Roller_Ball_Clear_BMCC_30.mp4,2025,231.8,Roller_Ball,Clear,BMCC,https://storage.googleapis.com/labelbox-sidewalk-testbed-2025/2025-07-10_14-20-01-486_Roller_Ball_Clear_BMCC_30.mp4
2025-07-14_14-46-47-770_Roller_Ball_Clear_BMCC_9.mp4,2025,9.8,Roller_Ball,Clear,BMCC,https://storage.googleapis.com/labelbox-sidewalk-testbed-2025/2025-07-14_14-46-47-770_Roller_Ball_Clear_BMCC_9.mp4
2025-07-14_14-21-12-131_Roller_Ball_Clear_BMCC_6.mp4,2025,10.933333333333334,Roller_Ball,Clear,BMCC,https://storage.googleapis.com/labelbox-sidewalk-testbed-2025/2025-07-14_14-21-12-131_Roller_Ball_Clear_BMCC_6.mp4
2025-07-14_15-08-40-006_Roller_Ball_Clear_BMCC_17.mp4,2025,15.933333333333334,Roller_Ball,Clear,BMCC,https://storage.googleapis.com/labelbox-sidewalk-testbed-2025/2025-07-14_15-08-40-006_Roller_Ball_Clear_BMCC_17.mp4
2025-07-15_14-18-41-544_Roller_Ball_Clear_BMCC_10.mp4,2025,17.933333333333334,Roller_Ball,Clear,BMCC,https://storage.googleapis.com/labelbox-sidewalk-testbed-2025/2025-07-15_14-18-41-544_Roller_Ball_Clear_BMCC_10.mp4
2025-07-15_14-00-10-807_Roller_Ball_Clear_BMCC_8.mp4,2025,21.533333333333335,Roller_Ball,Clear,BMCC,https://storage.googleapis.com/labelbox-sidewalk-testbed-2025/2025-07-15_14-00-10-807_Roller_Ball_Clear_BMCC_8.mp4
2025-07-14_14-50-54-211_Ceramic_Clear_BMCC_20.mp4,2025,38.93333333333333,Ceramic,Clear,BMCC,https://storage.googleapis.com/labelbox-sidewalk-testbed-2025/2025-07-14_14-50-54-211_Ceramic_Clear_BMCC_20.mp4
2025-07-14_14-55-25-087_Metal_Clear_BMCC_45.mp4,2025,10.533333333333333,Metal,Clear,BMCC,https://storage.googleapis.com/labelbox-sidewalk-testbed-2025/2025-07-14_14-55-25-087_Metal_Clear_BMCC_45.mp4
2025-07-16_14-05-55-804_Roller_Ball_Clear_BMCC_16.mp4,2025,37.4,Roller_Ball,Clear,BMCC,https://storage.googleapis.com/labelbox-sidewalk-testbed-2025/2025-07-16_14-05-55-804_Roller_Ball_Clear_BMCC_16.mp4
2025-07-15_13-52-07-860_Ceramic_Clear_BMCC_25.mp4,2025,10.8,Ceramic,Clear,BMCC,https://storage.googleapis.com/labelbox-sidewalk-testbed-2025/2025-07-15_13-52-07-860_Ceramic_Clear_BMCC_25.mp4
2025-07-14_14-47-51-742_Roller_Ball_Clear_BMCC_9.mp4,2025,4.133333333333334,Roller_Ball,Clear,BMCC,https://storage.googleapis.com/labelbox-sidewalk-testbed-2025/2025-07-14_14-47-51-742_Roller_Ball_Clear_BMCC_9.mp4
2025-07-14_15-15-07-326_Metal_Clear_BMCC_45.mp4,2025,8.333333333333334,Metal,Clear,BMCC,https://storage.googleapis.com/labelbox-sidewalk-testbed-2025/2025-07-14_15-15-07-326_Metal_Clear_BMCC_45.mp4
2025-07-14_14-28-27-927_Roller_Ball_Clear_BMCC_7.mp4,2025,9.2,Roller_Ball,Clear,BMCC,https://storage.googleapis.com/labelbox-sidewalk-testbed-2025/2025-07-14_14-28-27-927_Roller_Ball_Clear_BMCC_7.mp4
2025-07-14_15-11-16-362_Metal_Clear_BMCC_45.mp4,2025,14.333333333333334,Metal,Clear,BMCC,https://storage.googleapis.com/labelbox-sidewalk-testbed-2025/2025-07-14_15-11-16-362_Metal_Clear_BMCC_45.mp4
2025-07-24_13-48-31-852_Roller_Ball_Clear_BMCC_1.mp4,2025,2.933333333333333,Roller_Ball,Clear,BMCC,https://storage.googleapis.com/labelbox-sidewalk-testbed-2025/2025-07-24_13-48-31-852_Roller_Ball_Clear_BMCC_1.mp4
2025-07-14_14-52-08-832_Metal_Clear_BMCC_45.mp4,2025,71.0,Metal,Clear,BMCC,https://storage.googleapis.com/labelbox-sidewalk-testbed-2025/2025-07-14_14-52-08-832_Metal_Clear_BMCC_45.mp4
2025-07-14_14-41-58-875_Roller_Marshmallow_Clear_BMCC_15.mp4,2025,224.4,Roller_Marshmallow,Clear,BMCC,https://storage.googleapis.com/labelbox-sidewalk-testbed-2025/2025-07-14_14-41-58-875_Roller_Marshmallow_Clear_BMCC_15.mp4
0_2025-01-22_16-22-04.9780_none.mp4,2025,1.6666666666666667,,,,https://storage.googleapis.com/labelbox-sidewalk-testbed-2025/0_2025-01-22_16-22-04.9780_none.mp4
2025-07-14_15-03-30-523_Metal_Clear_BMCC_45.mp4,2025,7.533333333333333,Metal,Clear,BMCC,https://storage.googleapis.com/labelbox-sidewalk-testbed-2025/2025-07-14_15-03-30-523_Metal_Clear_BMCC_45.mp4
2025-07-14_14-46-55-773_Roller_Marshmallow_Clear_BMCC_15.mp4,2025,19.933333333333334,Roller_Marshmallow,Clear,BMCC,https://storage.googleapis.com/labelbox-sidewalk-testbed-2025/2025-07-14_14-46-55-773_Roller_Marshmallow_Clear_BMCC_15.mp4
2025-07-15_13-58-34-468_Ceramic_Clear_BMCC_22.mp4,2025,20.333333333333332,Ceramic,Clear,BMCC,https://storage.googleapis.com/labelbox-sidewalk-testbed-2025/2025-07-15_13-58-34-468_Ceramic_Clear_BMCC_22.mp4
2025-07-14_15-11-27-093_Marshmallow_Clear_BMCC_12.mp4,2025,335.6666666666667,Marshmallow,Clear,BMCC,https://storage.googleapis.com/labelbox-sidewalk-testbed-2025/2025-07-14_15-11-27-093_Marshmallow_Clear_BMCC_12.mp4
2025-07-10_14-32-39-765_Roller_Marshmallow_Clear_BMCC_15.mp4,2025,241.13333333333333,Roller_Marshmallow,Clear,BMCC,https://storage.googleapis.com/labelbox-sidewalk-testbed-2025/2025-07-10_14-32-39-765_Roller_Marshmallow_Clear_BMCC_15.mp4
2025-07-14_14-45-51-138_Roller_Marshmallow_Clear_BMCC_15.mp4,2025,10.733333333333333,Roller_Marshmallow,Clear,BMCC,https://storage.googleapis.com/labelbox-sidewalk-testbed-2025/2025-07-14_14-45-51-138_Roller_Marshmallow_Clear_BMCC_15.mp4
2025-07-15_13-42-58-220_Ceramic_Clear_BMCC_24.mp4,2025,9.0,Ceramic,Clear,BMCC,https://storage.googleapis.com/labelbox-sidewalk-testbed-2025/2025-07-15_13-42-58-220_Ceramic_Clear_BMCC_24.mp4
2025-07-15_13-56-06-249_Roller_Ball_Clear_BMCC_8.mp4,2025,8.2,Roller_Ball,Clear,BMCC,https://storage.googleapis.com/labelbox-sidewalk-testbed-2025/2025-07-15_13-56-06-249_Roller_Ball_Clear_BMCC_8.mp4
2025-07-15_14-17-01-061_Roller_Ball_Clear_BMCC_10.mp4,2025,89.8,Roller_Ball,Clear,BMCC,https://storage.googleapis.com/labelbox-sidewalk-testbed-2025/2025-07-15_14-17-01-061_Roller_Ball_Clear_BMCC_10.mp4
2025-07-09_14-00-48-601_Ceramic_Clear.mp4,2025,319.8666666666667,,,,https://storage.googleapis.com/labelbox-sidewalk-testbed-2025/2025-07-09_14-00-48-601_Ceramic_Clear.mp4
2025-07-10_14-19-36-783_Roller_Ball_Clear_BMCC_31.mp4,2025,3.4,Roller_Ball,Clear,BMCC,https://storage.googleapis.com/labelbox-sidewalk-testbed-2025/2025-07-10_14-19-36-783_Roller_Ball_Clear_BMCC_31.mp4
2025-07-14_14-57-41-655_Roller_Ball_Clear_BMCC_5.mp4,2025,119.0,Roller_Ball,Clear,BMCC,https://storage.googleapis.com/labelbox-sidewalk-testbed-2025/2025-07-14_14-57-41-655_Roller_Ball_Clear_BMCC_5.mp4
2025-07-15_14-27-44-726_Roller_Ball_Clear_BMCC_17.mp4,2025,8.2,Roller_Ball,Clear,BMCC,https://storage.googleapis.com/labelbox-sidewalk-testbed-2025/2025-07-15_14-27-44-726_Roller_Ball_Clear_BMCC_17.mp4
2025-07-14_14-53-42-606_Roller_Ball_Clear_BMCC_10.mp4,2025,33.53333333333333,Roller_Ball,Clear,BMCC,https://storage.googleapis.com/labelbox-sidewalk-testbed-2025/2025-07-14_14-53-42-606_Roller_Ball_Clear_BMCC_10.mp4
2025-07-14_14-14-40-814_Ceramic_Clear_BMCC_24.mp4,2025,23.333333333333332,Ceramic,Clear,BMCC,https://storage.googleapis.com/labelbox-sidewalk-testbed-2025/2025-07-14_14-14-40-814_Ceramic_Clear_BMCC_24.mp4
2025-07-14_14-51-45-026_Roller_Marshmallow_Clear_BMCC_15.mp4,2025,15.933333333333334,Roller_Marshmallow,Clear,BMCC,https://storage.googleapis.com/labelbox-sidewalk-testbed-2025/2025-07-14_14-51-45-026_Roller_Marshmallow_Clear_BMCC_15.mp4
2025-07-14_15-09-04-677_Roller_Ball_Clear_BMCC_17.mp4,2025,13.4,Roller_Ball,Clear,BMCC,https://storage.googleapis.com/labelbox-sidewalk-testbed-2025/2025-07-14_15-09-04-677_Roller_Ball_Clear_BMCC_17.mp4
2025-07-15_13-35-13-028_Ceramic_Clear_BMCC_23.mp4,2025,16.4,Ceramic,Clear,BMCC,https://storage.googleapis.com/labelbox-sidewalk-testbed-2025/2025-07-15_13-35-13-028_Ceramic_Clear_BMCC_23.mp4
2025-07-14_14-20-47-235_Roller_Marshmallow_Clear_BMCC_15.mp4,2025,16.333333333333332,Roller_Marshmallow,Clear,BMCC,https://storage.googleapis.com/labelbox-sidewalk-testbed-2025/2025-07-14_14-20-47-235_Roller_Marshmallow_Clear_BMCC_15.mp4
2025-07-16_13-53-16-023_Roller_Ball_Clear_BMCC_16.mp4,2025,25.133333333333333,Roller_Ball,Clear,BMCC,https://storage.googleapis.com/labelbox-sidewalk-testbed-2025/2025-07-16_13-53-16-023_Roller_Ball_Clear_BMCC_16.mp4
2025-07-15_13-26-58-173_Roller_Ball_Clear_BMCC_6.mp4,2025,60.2,Roller_Ball,Clear,BMCC,https://storage.googleapis.com/labelbox-sidewalk-testbed-2025/2025-07-15_13-26-58-173_Roller_Ball_Clear_BMCC_6.mp4
2025-07-14_14-17-36-234_Roller_Ball_Clear_BMCC_6.mp4,2025,9.0,Roller_Ball,Clear,BMCC,https://storage.googleapis.com/labelbox-sidewalk-testbed-2025/2025-07-14_14-17-36-234_Roller_Ball_Clear_BMCC_6.mp4
2025-07-16_14-32-49-156_Marshmallow_Clear_BMCC_7.mp4,2025,307.26666666666665,Marshmallow,Clear,BMCC,https://storage.googleapis.com/labelbox-sidewalk-testbed-2025/2025-07-16_14-32-49-156_Marshmallow_Clear_BMCC_7.mp4
2025-07-17_13-20-24-070_Roller_Ball_Clear_BMCC_1.mp4,2025,18.8,Roller_Ball,Clear,BMCC,https://storage.googleapis.com/labelbox-sidewalk-testbed-2025/2025-07-17_13-20-24-070_Roller_Ball_Clear_BMCC_1.mp4
2025-07-15_13-40-42-319_Ceramic_Clear_BMCC_24.mp4,2025,6.733333333333333,Ceramic,Clear,BMCC,https://storage.googleapis.com/labelbox-sidewalk-testbed-2025/2025-07-15_13-40-42-319_Ceramic_Clear_BMCC_24.mp4
2025-07-14_14-53-53-674_Ceramic_Clear_BMCC_21.mp4,2025,102.33333333333333,Ceramic,Clear,BMCC,https://storage.googleapis.com/labelbox-sidewalk-testbed-2025/2025-07-14_14-53-53-674_Ceramic_Clear_BMCC_21.mp4
2025-07-09_13-58-30-088_Metal_Clear.mp4,2025,368.06666666666666,,,,https://storage.googleapis.com/labelbox-sidewalk-testbed-2025/2025-07-09_13-58-30-088_Metal_Clear.mp4
2025-07-10_14-39-57-327_Metal_Clear_Unset_44.mp4,2025,543.9333333333333,Metal,Clear,Unset,https://storage.googleapis.com/labelbox-sidewalk-testbed-2025/2025-07-10_14-39-57-327_Metal_Clear_Unset_44.mp4
2025-07-10_14-27-02-132_Roller_Marshmallow_Clear_BMCC_15.mp4,2025,276.8666666666667,Roller_Marshmallow,Clear,BMCC,https://storage.googleapis.com/labelbox-sidewalk-testbed-2025/2025-07-10_14-27-02-132_Roller_Marshmallow_Clear_BMCC_15.mp4
2025-07-15_14-12-16-798_Roller_Ball_Clear_BMCC_10.mp4,2025,40.8,Roller_Ball,Clear,BMCC,https://storage.googleapis.com/labelbox-sidewalk-testbed-2025/2025-07-15_14-12-16-798_Roller_Ball_Clear_BMCC_10.mp4
2025-07-14_14-47-51-922_Roller_Marshmallow_Clear_BMCC_15.mp4,2025,35.8,Roller_Marshmallow,Clear,BMCC,https://storage.googleapis.com/labelbox-sidewalk-testbed-2025/2025-07-14_14-47-51-922_Roller_Marshmallow_Clear_BMCC_15.mp4
2025-07-15_13-43-03-210_Roller_Ball_Clear_BMCC_7.mp4,2025,6.333333333333333,Roller_Ball,Clear,BMCC,https://storage.googleapis.com/labelbox-sidewalk-testbed-2025/2025-07-15_13-43-03-210_Roller_Ball_Clear_BMCC_7.mp4
2025-07-15_14-00-16-575_Ceramic_Clear_BMCC_22.mp4,2025,20.2,Ceramic,Clear,BMCC,https://storage.googleapis.com/labelbox-sidewalk-testbed-2025/2025-07-15_14-00-16-575_Ceramic_Clear_BMCC_22.mp4
2025-07-10_13-32-10-500_Metal_Clear_Unset_0.mp4,2025,3.2,Metal,Clear,Unset,https://storage.googleapis.com/labelbox-sidewalk-testbed-2025/2025-07-10_13-32-10-500_Metal_Clear_Unset_0.mp4
2025-07-16_14-18-49-992_Roller_Ball_Clear_BMCC_11.mp4,2025,6.4,Roller_Ball,Clear,BMCC,https://storage.googleapis.com/labelbox-sidewalk-testbed-2025/2025-07-16_14-18-49-992_Roller_Ball_Clear_BMCC_11.mp4
0_2025-01-22_16-03-39.4860_none.mp4,2025,1.75,,,,https://storage.googleapis.com/labelbox-sidewalk-testbed-2025/0_2025-01-22_16-03-39.4860_none.mp4
2025-07-10_13-10-07-496_Roller_Marshmallow_Clear_Unset_0.mp4,2025,3.533333333333333,Roller_Marshmallow,Clear,Unset,https://storage.googleapis.com/labelbox-sidewalk-testbed-2025/2025-07-10_13-10-07-496_Roller_Marshmallow_Clear_Unset_0.mp4
2025-07-15_13-50-34-460_Ceramic_Clear_BMCC_25.mp4,2025,11.533333333333333,Ceramic,Clear,BMCC,https://storage.googleapis.com/labelbox-sidewalk-testbed-2025/2025-07-15_13-50-34-460_Ceramic_Clear_BMCC_25.mp4
2025-07-14_14-29-28-487_Roller_Ball_Clear_BMCC_7.mp4,2025,12.8,Roller_Ball,Clear,BMCC,https://storage.googleapis.com/labelbox-sidewalk-testbed-2025/2025-07-14_14-29-28-487_Roller_Ball_Clear_BMCC_7.mp4
2025-07-14_14-55-45-115_Metal_Clear_BMCC_45.mp4,2025,7.8,Metal,Clear,BMCC,https://storage.googleapis.com/labelbox-sidewalk-testbed-2025/2025-07-14_14-55-45-115_Metal_Clear_BMCC_45.mp4
2025-07-14_14-41-06-301_Metal_Clear_BMCC_45.mp4,2025,8.333333333333334,Metal,Clear,BMCC,https://storage.googleapis.com/labelbox-sidewalk-testbed-2025/2025-07-14_14-41-06-301_Metal_Clear_BMCC_45.mp4
2025-07-10_14-12-31-024_Marshmallow_Clear_BMCC_18.mp4,2025,69.0,Marshmallow,Clear,BMCC,https://storage.googleapis.com/labelbox-sidewalk-testbed-2025/2025-07-10_14-12-31-024_Marshmallow_Clear_BMCC_18.mp4
2025-07-09_13-58-38-649_Roller_Ball_Clear.mp4,2025,207.63333333333333,,,,https://storage.googleapis.com/labelbox-sidewalk-testbed-2025/2025-07-09_13-58-38-649_Roller_Ball_Clear.mp4
2025-07-14_15-10-57-648_Roller_Ball_Clear_BMCC_18.mp4,2025,121.4,Roller_Ball,Clear,BMCC,https://storage.googleapis.com/labelbox-sidewalk-testbed-2025/2025-07-14_15-10-57-648_Roller_Ball_Clear_BMCC_18.mp4
2025-07-14_14-49-37-604_Metal_Clear_BMCC_45.mp4,2025,55.8,Metal,Clear,BMCC,https://storage.googleapis.com/labelbox-sidewalk-testbed-2025/2025-07-14_14-49-37-604_Metal_Clear_BMCC_45.mp4
0_2025-01-23_8-25-44.7070_none.mp4,2025,0.6666666666666666,,,,https://storage.googleapis.com/labelbox-sidewalk-testbed-2025/0_2025-01-23_8-25-44.7070_none.mp4
2025-07-14_14-43-28-376_Roller_Ball_Clear_BMCC_9.mp4,2025,22.4,Roller_Ball,Clear,BMCC,https://storage.googleapis.com/labelbox-sidewalk-testbed-2025/2025-07-14_14-43-28-376_Roller_Ball_Clear_BMCC_9.mp4
